ItemNumber,Length
00001,12
0000120,1
00002,13
00003,19
00004,14
00005,15
00006,20
00007,22
00008,28
00009,24
00010,25
00011,29
00012,30
00013,26
00014,23
00015,29
00016,28
00017,27
00018,25
00019,30
00020,30
00021,29
00022,29
00023,30
00024,32
00025,30
00026,30
00027,31
00028,30
00029,30
00030,28
00031,25
00032,26
00033,20
00034,31
00035,35
00036,24
00037,21
00038,27
00039,31
00040,25
00041,26
00042,21
00043,22
00044,27
00045,22
00046,28
00047,21
00048,22
00049,21
00050,23
00051,27
00052,23
00053,23
00054,29
00055,24
00056,26
00057,23
00058,26
00059,24
00060,27
00061,25
00062,24
00063,24
00064,26
00065,32
00066,33
00067,26
00068,24
00069,29
00070,28
00071,31
00072,30
00073,33
00074,33
00075,37
00076,32
00077,31
00078,26
00079,34
00080,30
00081,28
00082,26
00083,27
00084,26
00085,28
00086,28
00087,27
00088,23
00089,26
00090,32
00091,33
00092,27
00093,27
00094,36
00095,30
00096,21
00097,26
00098,27
00099,30
00100,30
00101,27
00102,26
00103,33
00104,21
00105,29
00106,28
00107,24
00108,26
00109,25
00110,31
00111,31
00112,30
00113,23
00114,27
00115,29
00116,29
00117,27
00118,28
00119,26
00120,34
00121,25
00122,27
00123,33
00124,29
00125,32
00126,23
00127,31
00128,29
00129,26
00130,23
00131,27
00132,23
00133,30
00134,31
00135,27
00136,27
00137,29
00138,21
00139,25
00140,24
00141,26
00142,25
00143,25
00144,27
00145,25
00146,20
00147,26
00148,23
00149,22
00150,27
00151,26
00152,27
00153,27
00154,27
00155,31
00156,30
00157,29
00158,26
00159,31
00160,29
00161,30
00162,31
00163,31
00164,24
00165,29
00166,31
00167,28
00168,31
00169,24
00170,31
00171,28
00172,28
00173,25
00174,28
00175,24
00176,24
00177,27
00178,25
00179,24
00180,29
00181,21
00182,23
00183,26
00184,25
00185,25
00186,27
00187,27
00188,16
00189,21
00190,21
00191,23
00192,24
00193,26
00194,28
00195,26
00196,27
00197,26
00198,26
00199,22
00200,24
00201,21
00202,22
00203,20
00204,23
00205,24
00206,22
00207,20
00208,22
00209,19
00210,18
00211,13
00212,14
00213,23
00214,20
00215,19
00216,22
00217,24
00218,23
00219,23
00220,22
00221,25
00222,22
00223,23
00224,22
00225,23
00226,23
00227,23
00228,21
00229,26
00230,19
00231,21
00232,20
00233,16
00234,18
00235,16
00236,19
00237,19
00238,17
00239,25
00240,15
00241,22
00242,21
00243,17
00244,18
00245,14
00246,17
00247,15
00248,16
00249,19
00250,22
00251,17
00252,20
00253,19
00254,25
00255,17
00256,23
00257,22
00258,18
00259,19
00260,20
00261,24
00262,25
00263,20
00264,19
00265,19
00266,15
00267,25
00268,23
00269,25
00270,24
00271,27
00272,24
00273,22
00274,25
00275,16
00276,19
00277,19
00278,21
00279,20
00280,26
00281,30
00282,24
00283,20
00284,20
00285,23
00286,20
00287,23
00288,30
00289,24
00290,26
00291,27
00292,26
00293,24
00294,22
00295,21
00296,20
00297,18
00298,19
00299,22
00300,18
00301,17
00302,18
00303,17
00304,21
00305,22
00306,22
00307,16
00308,20
00309,28
00310,22
00311,20
00312,22
00313,23
00314,19
00315,21
00316,15
00317,16
00318,20
00319,20
00320,17
00321,20
00322,16
00323,14
00324,18
00325,11
00326,18
00327,19
00328,15
00329,21
00330,17
00331,21
00332,14
00333,15
00334,22
00335,20
00336,20
00337,18
00338,15
00339,16
00340,14
00341,16
00342,17
00343,15
00344,18
00345,21
00346,20
00347,22
00348,21
00349,19
00350,23
00351,18
00352,19
00353,17
00354,18
00355,16
00356,13
00357,17
00358,18
00359,16
00360,17
00361,20
00362,14
00363,16
00364,18
00365,15
00366,22
00367,18
00368,16
00369,20
00370,20
00371,19
00372,16
00373,15
00374,18
00375,13
00376,21
00377,19
00378,21
00379,21
00380,20
00381,16
00382,15
00383,17
00384,13
00385,15
00386,20
00387,17
00388,17
00389,19
00390,17
00391,11
00392,14
00393,11
00394,16
00395,18
00396,15
00397,12
00398,14
00399,16
00400,18
00401,15
00402,16
00403,14
00404,16
00405,15
00406,15
00407,17
00408,16
00409,11
00410,11
00411,12
00412,16
00413,15
00414,14
00415,16
00416,15
00417,16
00418,17
00419,13
00420,19
00421,14
00422,10
00423,12
00424,17
00425,12
00426,17
00427,15
00428,16
00429,15
00430,11
00431,18
00432,20
00433,15
00434,12
00435,12
00436,15
00437,16
00438,15
00439,18
00440,11
00441,14
00442,15
00443,16
00444,14
00445,11
00446,12
00447,10
00448,14
00449,14
00450,13
00451,15
00452,17
00453,17
00454,17
00455,14
00456,16
00457,20
00458,16
00459,20
00460,20
00461,16
00462,17
00463,17
00464,15
00465,15
00466,13
00467,16
00468,16
00469,19
00470,13
00471,14
00472,17
00473,13
00474,16
00475,15
00476,18
00477,16
00478,20
00479,17
00480,12
00481,16
00482,17
00483,17
00484,15
00485,14
00486,14
00487,16
00488,16
00489,12
00490,13
00491,11
00492,15
00493,12
00494,11
00495,11
00496,6
00497,8
00498,12
00499,11
00500,10
00501,8
00502,11
00503,13
00504,11
00505,10
00506,10
00507,13
00508,15
00509,12
00510,15
00511,12
00512,16
00513,11
00514,12
00515,10
00516,10
00517,13
00518,18
00519,12
00520,15
00521,11
00522,9
00523,13
00524,16
00525,8
00526,11
00527,11
00528,11
00529,11
00530,11
00531,13
00532,12
00533,12
00534,15
00535,15
00536,18
00537,12
00538,10
00539,11
00540,13
00541,13
00542,12
00543,9
00544,13
00545,13
00546,13
00547,9
00548,16
00549,8
00550,14
00551,12
00552,11
00553,10
00554,14
00555,15
00556,14
00557,12
00558,9
00559,16
00560,15
00561,15
00562,14
00563,14
00564,9
00565,11
00566,13
00567,11
00568,10
00569,13
00570,13
00571,14
00572,14
00573,14
00574,15
00575,15
00576,14
00577,13
00578,16
00579,6
00580,18
00581,13
00582,11
00583,11
00584,15
00585,15
00586,19
00587,17
00588,16
00589,16
00590,11
00591,11
00592,10
00593,13
00594,9
00595,10
00596,9
00597,13
00598,13
00599,11
00600,8
00601,12
00602,12
00603,14
00604,14
00605,14
00606,13
00607,11
00608,10
00609,14
00610,12
00611,11
00612,14
00613,16
00614,9
00615,12
00616,9
00617,12
00618,10
00619,11
00620,8
00621,8
00622,12
00623,14
00624,9
00625,12
00626,10
00627,11
00628,14
00629,13
00630,15
00631,15
00632,14
00633,21
00634,13
00635,15
00636,16
00637,17
00638,15
00639,12
00640,12
00641,16
00642,14
00643,12
00644,13
00645,14
00646,14
00647,13
00648,11
00649,12
00650,16
00651,9
00652,14
006528,1
00653,11
00654,9
00655,10
00656,9
00657,10
00658,11
00659,17
00660,11
00661,10
00662,11
00663,13
00664,11
00665,14
00666,17
00667,15
00668,11
00669,17
00670,16
00671,15
00672,17
00673,16
00674,16
00675,13
00676,15
00677,17
00678,20
00679,18
00680,20
00681,13
00682,12
00683,17
00684,15
00685,14
00686,15
00687,14
00688,17
00689,18
00690,16
00691,14
00692,13
00693,15
00694,11
00695,12
00696,12
00697,12
00698,13
00699,19
00700,14
00701,13
00702,17
00703,17
00704,14
00705,18
00706,18
00707,16
00708,14
00709,17
00710,15
00711,15
00712,16
00713,13
00714,15
00715,16
00716,20
00717,15
00718,18
00719,15
00720,16
00721,12
00722,13
00723,15
00724,14
00725,16
00726,13
00727,17
00728,18
00729,18
00730,15
00731,16
00732,18
00733,17
00734,10
00735,11
00736,13
00737,13
00738,12
00739,11
00740,13
00741,14
00742,17
00743,19
00744,17
00745,16
00746,19
00747,12
00748,15
00749,16
00750,9
00751,12
00752,12
00753,13
00754,14
00755,15
00756,14
00757,16
00758,11
00759,15
00760,17
00761,15
00762,14
00763,19
00764,16
00765,13
00766,18
00767,15
00768,18
00769,15
00770,14
00771,17
00772,16
00773,15
00774,16
00775,10
00776,11
00777,13
00778,11
00779,10
00780,12
00781,9
00782,10
00783,9
00784,15
00785,10
00786,10
00787,10
00788,7
00789,13
00790,13
00791,12
00792,16
00793,15
00794,15
00795,18
00795.,1
00796,16
00797,16
00798,13
00799,15
00800,14
00801,13
00802,14
00803,13
00804,19
00805,19
00806,15
00807,17
00808,14
00809,11
00810,15
00811,14
00812,14
00813,13
00814,14
00815,13
00816,14
00817,12
00818,10
00819,13
00820,12
00821,12
00822,7
00823,8
00824,13
00825,11
00826,12
00827,11
00828,8
00829,13
00830,14
00831,10
00832,14
00833,14
00834,15
00835,13
00836,15
00837,15
00838,13
00839,11
00840,12
00841,14
00842,15
00843,12
00844,12
00845,16
00846,13
00847,11
00848,12
00849,13
00850,14
00851,16
00852,15
00853,12
00854,14
00855,16
00856,12
00857,14
00858,13
00859,13
00860,13
00861,14
00862,15
00863,10
00864,10
00865,9
00866,12
00867,9
00868,13
00869,10
00870,16
00871,10
00872,10
00873,13
00874,15
00875,13
00876,11
00877,8
00878,8
00879,12
00880,15
00881,13
00882,14
00883,13
00884,15
00885,12
00886,11
00887,10
00888,11
00889,12
00890,11
00891,9
00892,8
00893,11
00894,10
00895,17
00896,12
00897,10
00898,11
00899,7
00900,6
00901,10
00902,14
00903,10
00904,11
00905,16
00906,16
00907,13
00908,14
00909,12
00910,11
00911,12
00912,8
00913,9
00914,12
00915,11
00916,14
00917,15
00918,14
00919,12
00920,13
00921,10
00922,15
00923,15
00924,12
00925,11
00926,10
00927,13
00928,11
00929,11
00930,12
00931,11
00932,14
00933,9
00934,15
00935,11
00936,12
00937,11
00938,8
00939,12
00940,7
00941,9
00942,16
00943,13
00944,14
00945,11
00946,10
00947,11
00948,9
00949,11
00950,11
00951,14
00952,12
00953,9
00954,8
00955,15
00956,14
00957,15
00958,13
00959,10
00960,13
00961,14
00962,10
00963,10
00964,13
00965,14
00966,13
00967,14
00968,13
00969,15
00970,6
00971,8
00972,11
00973,9
00974,12
00975,9
00976,11
00977,10
00978,9
00979,11
00980,12
00981,10
00982,13
00983,8
00984,15
00985,17
00986,12
00987,8
00988,8
00989,13
00990,12
00991,15
00992,16
00993,17
00994,12
00995,10
00996,14
00997,11
00998,11
00999,14
01000,9
01001,10
01002,8
01003,11
01004,6
01005,9
01006,8
01007,10
01008,12
01009,9
01010,10
01011,11
01012,10
01013,9
01014,15
01015,14
01016,14
01017,13
01018,16
01019,18
01020,13
01021,8
01022,10
01023,10
01024,12
01025,9
01026,12
01027,8
01028,9
01029,9
01030,8
01031,8
01032,9
01033,10
01034,11
01035,15
01036,10
01037,12
01038,13
01039,15
01040,11
01041,12
01042,14
01043,10
01044,10
01045,12
01046,10
01047,9
01048,8
01049,8
01050,8
01051,14
01052,10
01053,9
01054,11
01055,10
01056,6
01057,3
01058,10
01059,11
01060,16
01061,14
01062,13
01063,17
01064,13
01065,16
01066,17
01067,11
01068,13
01069,13
01070,16
01071,16
01072,14
01073,20
01074,17
01075,13
01076,13
01077,16
01078,13
01079,13
01080,16
01081,11
01082,10
01083,7
01083.,1
01084,12
01085,12
01086,19
01087,13
01088,13
01089,15
01090,13
01091,18
01092,14
01093,15
01094,13
01095,19
01096,14
01097,14
01098,19
01099,18
01100,18
01101,19
01102,12
01103,18
01104,14
01105,14
01106,20
01107,15
01108,13
01109,15
01110,14
01111,14
01112,16
01113,11
01114,15
01115,18
01116,15
01117,16
01118,11
01119,15
01120,17
01121,16
01122,13
01123,15
01124,16
01125,13
01126,12
01127,9
01128,14
01129,13
01130,16
01131,15
01132,14
01133,18
01134,16
01135,16
01136,18
01137,12
01138,6
01139,11
01140,7
01141,9
01142,11
01143,9
01144,11
01145,8
01146,9
01147,14
01148,12
01149,14
01150,8
01151,11
01152,14
01153,13
01154,16
01155,15
01156,10
01157,10
01158,15
01159,17
01160,16
01161,14
01162,13
01163,10
01164,13
01165,11
01166,11
01167,14
01168,13
01169,15
01170,18
01171,14
01172,13
01173,14
01174,14
01175,12
01176,16
01177,16
01178,13
01179,15
01180,17
01181,14
01182,12
01183,12
01184,10
01185,11
01186,13
01187,15
01188,16
01189,13
01190,10
01191,10
01192,14
01193,9
01194,10
01195,11
01196,16
01197,17
01198,12
01199,12
01199.,1
01200,12
01201,11
01202,14
01203,13
01204,14
01205,15
01206,19
01207,15
01208,15
01209,17
01210,13
01211,14
01212,16
01213,18
01214,15
01215,13
01215`,1
01216,13
01217,11
01218,13
01219,17
01220,14
01221,20
01222,18
01223,11
01224,10
01225,13
01226,8
01227,10
01228,11
01229,10
01230,12
01231,13
01232,14
01233,7
01234,13
01235,17
01236,11
01237,14
01238,15
01239,14
01240,14
01241,9
01242,10
01243,13
01244,8
01245,11
01246,13
01247,13
01248,14
01249,7
01250,10
01251,11
01252,17
01253,15
01254,13
01255,9
01256,15
01257,12
01258,14
01259,15
01260,12
01261,13
01262,13
01263,15
01264,14
01265,15
01266,10
01267,13
01268,15
01269,11
01270,12
01271,11
01272,15
01273,12
01274,17
01275,15
01276,10
01277,14
01278,14
01279,11
01280,14
01281,14
01282,11
01283,17
01284,16
01285,11
01286,15
01287,12
01288,13
01289,8
01290,12
01291,12
01292,14
01293,13
01294,15
01295,10
01296,14
01297,10
01298,9
01299,10
01300,11
01301,9
01302,12
01303,9
01304,13
01305,14
01306,4
01307,12
01308,9
01309,8
01310,12
01311,12
01312,17
01313,12
01314,8
01315,13
01316,18
01317,12
01318,10
01319,14
01320,15
01321,16
01322,14
01323,14
01324,10
01325,14
01326,11
01327,14
01328,13
01329,16
01330,14
01331,14
01332,10
01333,13
01334,15
01335,12
01336,12
01337,14
01338,13
01339,12
01340,11
01341,12
01342,13
01343,8
01344,11
01345,11
01346,12
01347,12
01348,12
01349,12
01350,12
01351,14
01352,12
01353,9
01354,15
01355,13
01356,16
01357,9
01358,11
01359,7
01360,10
01361,8
01362,11
01363,9
01364,12
01365,13
01366,9
01367,11
01368,8
01369,9
01370,10
01371,11
01372,12
01373,11
01374,15
01375,15
01376,15
01377,10
01378,13
01379,15
01380,14
01381,16
01382,10
01383,10
01384,13
01385,14
01386,13
01387,16
01388,7
01389,10
01390,8
01391,11
01392,11
01393,11
01394,13
01395,11
01396,6
01397,9
01398,9
01399,11
01400,8
01401,10
01402,8
01403,11
01404,8
01405,10
01406,7
01407,10
01408,5
01409,8
01410,11
01411,9
01412,11
01413,14
01414,14
01415,12
01416,10
01417,8
01418,7
01419,11
01420,11
01421,13
01422,15
01423,16
01424,13
01425,18
01426,17
01427,17
01428,11
01429,11
01430,16
01431,15
01432,12
01433,12
01434,10
01435,13
01436,15
01437,13
01438,13
01439,11
01440,12
01441,9
01442,11
01443,15
01444,10
01445,11
01446,12
01447,13
01448,7
01449,7
01450,14
01451,9
01452,7
01453,10
01454,10
01455,8
01456,15
01457,14
01458,14
01459,18
01460,17
01461,18
01462,9
01463,12
01464,12
01465,14
01466,13
01467,8
01468,7
01469,14
01470,9
01471,9
01472,10
01473,7
01474,9
01475,13
01476,12
01477,12
01478,17
01479,11
01480,15
01481,12
01482,11
01483,14
01484,9
01485,7
01486,9
01487,10
01488,9
01489,4
01490,10
01491,9
01492,13
01493,9
01494,12
01495,11
01496,12
01497,14
01498,14
01499,11
01500,9
01501,9
01502,14
01503,10
01504,11
01505,13
01506,13
01507,11
01508,13
01509,9
01510,10
01511,10
01512,9
01513,14
01514,12
01515,13
01516,8
01517,9
01518,5
01519,8
01520,10
01521,8
01522,13
01523,15
01524,11
01525,9
01526,14
01527,14
01528,10
01529,12
01530,15
01531,18
01532,14
01533,15
01534,13
01535,12
01536,9
01537,11
01538,10
01539,11
01540,12
01541,14
01542,15
01543,10
01544,11
01545,8
01546,11
01547,10
01548,12
01549,9
01550,14
01551,14
01552,14
01553,15
01554,11
01555,12
01556,13
01557,14
01558,15
01559,12
01560,14
01561,10
01562,12
01563,8
01564,14
01565,14
01566,15
01567,12
01568,12
01569,12
01570,11
01571,12
01572,9
01573,10
01574,9
01575,8
01576,11
01577,11
01578,12
01579,7
01580,7
01581,5
01582,6
01583,6
01584,8
01585,8
01586,9
01587,11
01588,10
01589,14
01590,9
01591,7
01592,11
01593,12
01594,12
01595,12
01596,11
01597,12
01598,14
01599,11
01600,14
01601,8
01602,11
01603,12
01604,12
01605,13
01606,13
01607,12
01608,10
01609,10
01610,8
01611,11
01612,11
01613,12
01614,16
01615,14
01616,13
01617,12
01618,15
01619,12
01620,16
01621,15
01622,17
01623,19
01624,14
01625,13
01626,13
01627,14
01628,15
01629,12
01630,9
01631,11
01632,10
01633,10
01634,14
01635,10
01636,10
01637,12
01638,13
01639,11
01640,11
01641,8
01642,13
01643,11
01644,11
01645,11
01646,18
01647,12
01648,13
01649,15
01650,14
01651,18
01652,17
01653,18
01654,10
01655,16
01656,15
01657,13
01658,17
01659,16
01660,17
01661,17
01662,16
01663,12
01664,12
01665,13
01666,12
01667,14
01668,18
01669,18
01670,16
01671,15
01672,14
01673,15
01674,13
01675,19
01676,14
01677,13
01678,15
01679,13
01680,9
01681,9
01682,13
01683,12
01684,13
01685,13
01686,17
01687,16
01688,17
01689,14
01690,12
01691,12
01692,12
01693,15
01694,18
01695,14
01696,17
01697,11
01698,15
01699,18
01700,20
01701,18
01702,21
01703,17
01704,19
01705,15
01706,17
01707,16
01708,15
01709,19
01710,18
01711,16
01712,15
01713,16
01714,18
01715,18
01716,21
01717,22
01718,19
01719,15
01720,15
01721,14
01722,17
01723,14
01724,15
01725,16
01726,16
01727,19
01728,11
01729,12
01730,18
01731,19
01732,12
01733,12
01734,16
01735,14
01736,19
01737,17
01738,13
01739,16
01740,19
01741,16
01742,15
01743,16
01744,13
01745,17
01746,16
01747,19
01748,21
01749,21
01750,14
01751,15
01752,15
01753,17
01754,15
01755,16
01756,17
01757,14
01758,12
01759,14
01760,14
01761,15
01762,17
01763,12
01764,18
01765,14
01766,15
01767,13
01768,15
01769,14
01770,12
01771,10
01772,11
01773,15
01774,10
01775,9
01776,10
01777,11
01778,8
01779,9
01780,11
01781,9
01782,13
01783,11
01784,12
01785,11
01786,9
01787,9
01788,10
01789,7
01790,9
01791,12
01792,12
01793,11
01794,15
01795,9
01796,12
01797,14
01798,14
01799,14
01800,13
01801,7
01802,15
01803,11
01804,15
01805,13
01806,13
01807,12
01808,6
01809,10
01810,10
01811,8
01812,12
01813,10
01814,11
01815,10
01816,10
01817,11
01818,9
01819,13
01820,14
01821,14
01822,13
01823,16
01824,12
01825,11
01826,12
01827,10
01828,15
01829,14
01830,11
01831,13
01832,13
01833,13
01834,12
01835,8
01836,8
01837,14
01838,15
01839,9
01840,11
01841,10
01842,14
01843,12
01844,12
01845,10
01846,12
01847,14
01848,12
01849,14
01850,10
01851,10
01852,8
01853,8
01854,11
01855,12
01856,14
01857,10
01858,7
01859,12
01860,12
01861,7
01862,8
01863,8
01864,7
01865,5
01866,7
01867,8
01868,9
01869,7
01870,11
01871,9
01872,9
01873,7
01874,12
01875,8
01876,9
01877,7
01878,8
01879,10
01880,12
01881,10
01882,8
01883,11
01884,12
01885,11
01886,11
01887,14
01888,11
01889,12
01890,13
01891,12
01892,7
01893,11
01894,8
01895,9
01896,6
01897,9
01898,8
01899,12
01900,12
01901,9
01902,9
01903,9
01904,7
01905,9
01906,12
01907,11
01908,7
01909,8
01910,8
01911,6
01912,11
01913,9
01914,11
01915,8
01916,9
01917,9
01918,9
01919,8
01920,9
01921,14
01922,9
01923,12
01924,12
01925,12
01926,11
01927,12
01928,12
01929,14
01930,12
01931,14
01932,10
01933,11
01934,7
01935,12
01936,12
01937,10
01938,11
01939,14
01940,8
01941,10
01942,8
01943,6
01944,11
01945,13
01946,10
01947,12
01948,14
01949,11
01950,15
01951,8
01952,9
01953,13
01954,12
01955,13
01956,18
01957,11
01958,10
01959,12
01960,10
01961,10
01962,7
01963,8
01964,10
01965,15
01966,12
01967,18
01968,15
01969,15
01970,15
01971,15
01972,14
01973,17
01974,17
01975,14
01976,16
01977,12
01978,13
01979,11
01980,17
01981,11
01982,9
01983,10
01984,8
01985,12
01986,13
01987,9
01988,10
01989,11
01990,14
01991,11
01992,14
01993,11
01994,11
01995,10
01996,9
01997,9
01998,9
01999,12
02000,10
02001,10
02002,13
02003,12
02004,10
02005,9
02006,9
02007,10
02008,11
02009,12
02010,10
02011,11
02012,9
02013,11
02014,14
02015,10
02016,11
02017,13
02018,12
02019,15
02020,11
02021,10
02022,14
02023,10
02024,11
02025,12
02026,14
02027,16
02028,16
02029,14
02030,13
02031,14
02032,15
02033,17
02034,15
02035,14
02036,14
02037,15
02038,11
02039,10
02040,13
02041,10
02042,10
02043,12
02044,11
02045,10
02046,8
02047,13
02048,12
02049,14
02050,13
02051,7
02052,11
02053,10
02054,10
02055,14
02056,11
02057,9
02058,10
02059,7
02060,10
02061,5
02062,7
02063,10
02064,9
02065,7
02066,8
02067,12
02068,8
02069,9
02070,11
02071,12
02072,9
02073,10
02074,10
02075,9
02076,14
02077,8
02078,9
02079,8
02080,4
02081,9
02082,9
02083,12
02084,13
02085,15
02086,10
02087,13
02088,11
02089,11
02090,13
02091,12
02092,9
02093,9
02094,9
02095,9
02096,8
02097,8
02098,7
02099,6
02100,14
02101,8
02102,9
02103,9
02104,7
02105,5
02106,7
02107,12
02108,13
02109,8
02110,10
02111,6
02112,8
02113,10
02114,10
02115,9
02116,11
02117,9
02118,10
02119,12
02120,10
02121,8
02122,8
02123,8
02124,6
02125,9
02126,8
02127,10
02128,11
02129,10
02130,10
02131,8
02132,9
02133,13
02134,11
02135,11
02136,8
02137,10
02138,10
02139,12
02140,8
02141,12
02142,13
02143,11
02144,17
02145,13
02146,11
02147,13
02148,12
02149,13
02150,14
02151,15
02152,19
02153,14
02154,13
02155,12
02156,12
02157,13
02158,13
02159,12
02160,13
02161,12
02162,11
02163,14
02164,15
02165,13
02166,14
02167,12
02168,15
02169,13
02170,11
02171,12
02172,11
02173,12
02174,11
02175,14
02176,15
02177,13
02178,15
02179,14
02180,14
02181,11
02182,15
02183,11
02184,9
02185,10
02186,12
02187,9
02188,10
02189,11
02190,12
02191,8
02192,14
02193,11
02194,11
02195,10
02196,15
02197,8
02198,13
02199,15
02200,13
02201,11
02202,9
02203,7
02204,7
02205,11
02206,11
02207,14
02208,14
02209,11
02210,8
02211,15
02212,12
02213,15
02214,11
02215,10
02216,10
02217,15
02218,11
02219,10
02220,14
02221,13
02222,19
02223,13
02224,14
02225,14
02226,16
02227,13
02228,13
02229,11
02230,10
02231,15
02232,12
02233,9
02234,13
02235,12
02236,16
02237,10
02238,11
02239,13
02240,13
02241,15
02242,12
02243,12
02244,11
02245,11
02246,10
02247,10
02248,17
02249,9
02250,11
02251,10
02252,13
02253,11
02254,14
02255,8
02256,15
02257,12
02258,10
02259,8
02260,10
02261,12
02262,12
02263,9
02264,8
02265,15
02266,13
02267,11
02268,12
02269,10
02270,11
02271,13
02272,16
02273,15
02274,15
02275,16
02276,16
02277,15
02278,17
02279,14
02280,17
02281,15
02282,13
02283,15
02284,14
02285,11
02286,15
02287,15
02288,20
02289,16
02290,12
02291,12
02292,9
02293,12
02294,12
02295,15
02296,13
02297,14
02298,16
02299,15
02300,17
02301,14
02302,16
02303,15
02304,15
02305,15
02306,12
02307,16
02308,16
02309,13
02310,15
02311,13
02312,16
02313,14
02314,11
02315,15
02316,15
02317,15
02318,16
02319,13
02320,15
02321,18
02322,11
02323,11
02324,15
02325,14
02326,13
02327,11
02328,11
02329,10
02330,11
02331,8
02332,13
02333,9
02334,6
02335,11
02336,11
02337,12
02338,7
02339,6
02340,7
02341,9
02342,13
02343,12
02344,12
02345,12
02346,9
02347,8
02348,8
02349,5
02350,11
02351,13
02352,11
02353,13
02354,10
02355,12
02356,12
02357,13
02358,9
02359,9
02360,8
02361,11
02362,9
02363,13
02364,12
02365,10
02366,13
02367,11
02368,11
02369,14
02370,13
02371,13
02372,15
02373,10
02374,15
02375,15
02376,13
02377,12
02378,13
02379,13
02380,15
02381,14
02382,12
02383,11
02384,11
02385,10
02386,13
02387,11
02388,10
02389,11
02390,9
02391,8
02392,8
02393,9
02394,12
02395,13
02396,11
02397,10
02398,11
02399,9
02400,11
02401,12
02402,12
02403,13
02404,12
02405,9
02406,12
02407,11
02408,10
02409,9
02410,11
02411,11
02412,7
02413,9
02414,6
02415,8
02416,11
02417,10
02418,12
02419,9
02420,11
02421,12
02422,11
02423,15
02424,12
02425,12
02426,11
02427,8
02428,5
02428.,1
02429,9
02430,9
02431,9
02432,7
02433,9
02434,8
02435,11
02436,12
02437,11
02438,12
02439,16
02440,14
02441,17
02442,13
02443,15
02444,15
02445,14
02446,13
02447,13
02448,15
02449,11
02450,13
02451,12
02452,8
02453,11
02454,11
02455,11
02456,13
02457,10
02458,12
02459,13
02460,16
02461,14
02462,10
02463,10
02464,12
02465,8
02466,10
02467,11
02468,11
02469,10
02470,10
02471,12
02472,14
02473,11
02474,16
02475,7
02476,7
02477,9
02478,8
02479,10
02480,11
02481,11
02482,13
02483,11
02484,11
02485,10
02486,12
02487,10
02488,10
02489,11
02490,12
02491,12
02492,11
02493,12
02494,14
02495,12
02496,11
02497,15
02498,10
02499,13
02500,13
02501,10
02502,15
02503,6
02504,5
02505,7
02506,10
02507,10
02508,13
02509,12
02510,10
02511,12
02511AF,1
02512,12
02513,12
02514,8
02515,8
02516,11
02517,11
02518,14
02519,9
02520,10
02521,10
02522,10
02523,9
02524,10
02525,11
02526,10
02527,12
02528,12
02529,15
02530,11
02531,11
02532,9
02533,10
02534,11
02535,11
02536,12
02537,15
02538,12
02539,11
02540,12
02541,12
02542,12
02543,13
02544,13
02545,14
02546,13
02547,10
02548,9
02549,12
02550,9
02551,12
02552,9
02553,13
02554,11
02555,13
02556,12
02557,9
02558,11
02559,13
02560,15
02561,15
02562,11
02563,9
02564,14
02565,14
02566,11
02567,12
02568,10
02569,8
02570,10
02571,12
02572,13
02573,11
02574,10
02575,10
02576,12
02577,8
02578,5
02579,10
02580,13
02581,12
02582,11
02583,10
02584,10
02585,8
02586,7
02587,11
02588,9
02589,11
02590,11
02591,10
02592,10
02593,11
02594,12
02595,12
02596,10
02597,9
02598,11
02599,8
02600,10
02601,11
02602,14
02603,8
02604,9
02605,12
02606,12
02607,13
02608,13
02609,10
02610,13
02611,14
02612,11
02613,11
02614,13
02615,13
02616,12
02617,12
02618,12
02619,10
02620,13
02621,11
02622,14
02623,13
02624,16
02625,13
02626,16
02627,13
02628,12
02629,10
02630,13
02631,16
02632,13
02633,14
02634,15
02635,15
02636,18
02637,19
02638,15
02639,12
02640,13
02641,14
02642,11
02643,13
02644,13
02645,11
02646,16
02647,17
02648,17
02649,16
02650,13
02651,12
02652,15
02653,11
02654,11
02655,15
02656,14
02657,15
02658,11
02659,11
02660,12
02661,8
02662,11
02663,10
02664,8
02665,9
02666,9
02667,13
02668,10
02669,9
02670,14
02671,13
02672,10
02673,12
02674,10
02675,12
02676,8
02677,10
02678,6
02679,8
02680,7
02681,7
02682,7
02683,10
02684,9
02685,10
02686,9
02687,4
02688,9
02689,11
02690,13
02691,12
02692,12
02693,12
02694,14
02695,17
02696,11
02697,10
02698,8
02699,11
02700,8
02701,11
02702,10
02703,10
02704,10
02705,11
02706,11
02707,9
02708,10
02709,9
02710,11
02711,10
02712,11
02713,11
02714,8
02715,8
02716,11
02717,15
02718,14
02719,9
02720,10
02721,7
02722,11
02723,10
02724,12
02725,15
02726,11
02727,8
02728,7
02729,6
02730,5
02731,10
02732,10
02733,11
02734,7
02735,8
02736,7
02737,9
02738,9
02739,7
02740,6
02741,11
02742,11
02743,9
02744,7
02745,6
02746,8
02747,5
02748,6
02749,6
02750,6
02751,7
02752,8
02753,7
02754,7
02755,5
02756,7
02757,5
02758,5
02759,5
02760,8
02761,7
02762,7
02763,10
02764,8
02765,10
02766,5
02767,6
02768,5
02769,4
02770,6
02771,7
02772,7
02773,10
02774,6
02775,6
02776,8
02777,6
02778,7
02779,8
02780,7
02781,7
02782,6
02783,9
02784,8
02785,11
02786,10
02787,8
02788,9
02789,7
02790,12
02791,13
02792,10
02793,11
02794,10
02795,10
02796,8
02797,9
02798,9
02799,7
02800,8
02801,6
02802,9
02803,13
02804,13
02805,11
02806,12
02807,7
02808,6
02809,8
02810,7
02811,10
02812,7
02813,8
02814,9
02815,9
02816,11
02817,6
02818,6
02819,7
02820,7
02821,7
02822,10
02823,5
02824,7
02825,7
02826,9
02827,6
02828,8
02829,6
02830,8
02831,7
02832,8
02833,8
02834,7
02835,9
02836,7
02837,6
02838,6
02839,7
02840,7
02841,6
02842,9
02843,8
02844,7
02845,7
02846,7
02847,9
02848,9
02849,6
02850,8
02851,10
02852,11
02853,10
02854,10
02855,11
02856,7
02857,12
02858,11
02859,12
02860,10
02861,11
02862,8
02863,9
02864,10
02865,7
02866,6
02867,8
02868,9
02869,8
02870,8
02871,8
02872,6
02873,9
02874,10
02875,11
02876,12
02877,8
02878,5
02879,6
02880,8
02881,7
02882,10
02883,7
02884,7
02885,8
02886,8
02887,10
02888,11
02889,8
02890,7
02891,8
02892,6
02893,9
02894,8
02895,7
02896,7
02897,9
02898,10
02899,6
02900,8
02901,6
02902,8
02903,8
02904,7
02905,8
02906,6
02907,9
02908,8
02909,9
02910,8
02911,8
02912,7
02913,9
02914,10
02915,8
02916,7
02917,7
02918,8
02919,5
02920,6
02921,7
02922,5
02923,6
02924,7
02925,8
02926,7
02927,10
02928,7
02929,8
02930,5
02931,5
02932,8
02933,7
02934,7
02935,7
02936,6
02937,9
02938,10
02939,11
02940,8
02941,6
02942,7
02943,3
02944,6
02945,7
02946,5
02947,5
02948,4
02949,5
02950,8
02951,8
02952,6
02953,6
02954,6
02955,9
02956,9
02957,10
02958,6
02959,9
02960,7
02961,7
02962,9
02963,8
02964,8
02965,8
02966,9
02967,8
02968,11
02969,7
02970,10
02971,10
02972,9
02973,8
02974,9
02975,9
02976,10
02977,10
02978,10
02979,9
02980,8
02981,9
02982,9
02983,9
02984,8
02985,8
02986,9
02987,12
02988,12
02989,9
02990,9
02991,8
02992,8
02993,7
02994,6
02995,6
02996,5
02997,7
02998,8
02999,6
03000,9
03001,7
03002,9
03003,10
03004,10
03005,7
03006,5
03007,6
03007+,1
03008,6
03009,7
03010,9
03011,8
03012,10
03013,9
03014,9
03015,9
03016,9
03017,10
03018,8
03019,12
03020,12
03021,7
03022,8
03023,8
03024,9
03025,9
03026,10
03027,10
03028,7
03029,7
03030,7
03031,8
03032,10
03033,9
03034,8
03035,12
03036,12
03037,12
03038,10
03039,10
03040,8
03041,12
03042,11
03043,13
03044,11
03045,14
03046,13
03047,9
03048,9
03049,14
03050,11
03051,13
03052,10
03053,10
03054,9
03055,8
03056,8
03057,12
03058,10
03059,9
03060,12
03061,8
03062,9
03063,10
03064,10
03065,8
03066,7
03067,7
03068,5
03069,6
03070,7
03071,8
03072,10
03073,5
03074,7
03075,9
03076,10
03077,8
03078,6
03079,6
03080,6
03081,4
03082,4
03083,4
03084,9
03085,6
03086,7
03087,7
03088,8
03089,11
03090,6
03091,5
03092,8
03093,6
03094,5
03095,7
03096,8
03097,7
03098,8
03099,9
03100,9
03101,7
03102,7
03103,9
03104,10
03105,13
03106,10
03107,7
03108,11
03109,8
03110,5
03111,5
03112,6
03113,7
03114,7
03115,6
03116,8
03117,9
03118,7
03119,10
03120,8
03121,7
03122,7
03123,6
03124,6
03125,9
03126,7
03127,7
03128,8
03129,7
03130,6
03131,4
03132,8
03133,9
03134,7
03135,10
03136,8
03137,8
03138,6
03139,6
03140,5
03141,8
03142,6
03143,8
03144,9
03145,6
03146,2
03147,4
03148,4
03149,2
03150,4
03151,6
03152,4
03153,5
03154,5
03155,4
03156,4
03157,7
03158,5
03159,5
03160,4
03161,4
03162,3
03163,4
03164,3
03165,1
03166,3
03167,3
03168,1
03169,3
03170,2
03171,4
03172,5
03173,4
03174,7
03175,4
03176,6
03177,5
03178,7
03179,6
03180,7
03181,3
03182,6
03183,5
03184,5
03185,2
03186,5
03187,7
03188,7
03189,8
03190,8
03191,5
03192,5
03193,5
03194,7
03195,7
03196,6
03197,6
03198,4
03199,8
03200,7
03201,8
03202,4
03203,6
03204,8
03205,6
03206,6
03207,7
03208,7
03209,8
03210,6
03211,7
03212,8
03213,9
03214,6
03215,9
03216,8
03217,5
03218,8
03219,6
03220,8
03221,8
03222,5
03223,7
03224,6
03225,6
03226,6
03227,5
03228,4
03229,3
03230,4
03231,6
03232,8
03233,7
03234,7
03235,5
03236,6
03237,8
03238,2
03239,5
03240,3
03241,9
03242,8
03243,7
03244,6
03245,8
03246,3
03247,5
03248,5
03249,6
03250,7
03251,7
03252,6
03253,9
03254,6
03255,9
03256,9
03257,9
03258,9
03259,5
03260,6
03261,6
03262,7
03263,9
03264,11
03265,6
03266,7
03267,9
03268,7
03269,10
03270,12
03271,8
03272,6
03273,8
03274,8
03275,7
03276,8
03277,6
03278,9
03279,6
03280,5
03281,6
03282,7
03283,7
03284,7
03285,6
03286,5
03287,7
03288,5
03289,7
03290,8
03291,7
03292,7
03293,7
03294,6
03295,6
03296,4
03297,4
03298,6
03299,5
03300,7
03301,7
03302,6
03303,6
03304,5
03305,8
03306,9
03307,8
03308,9
03309,9
03310,8
03311,5
03312,5
03313,4
03314,4
03315,5
03316,6
03317,5
03318,7
03319,5
03320,7
03321,4
03322,5
03323,4
03324,7
03325,6
03326,5
03327,7
03328,5
03329,6
03330,3
03331,6
03332,3
03333,4
03334,5
03335,6
03336,7
03337,6
03338,7
03339,6
03340,5
03341,6
03342,4
03343,7
03344,4
03345,4
03346,6
03347,4
03348,6
03349,5
03350,6
03351,6
03352,5
03353,3
03354,3
03355,3
03356,3
03357,6
03358,4
03359,2
03360,4
03361,3
03362,2
03363,4
03364,5
03365,6
03366,5
03367,4
03368,4
03369,6
03370,7
03371,5
03372,4
03373,6
03374,7
03375,6
03376,9
03377,8
03378,7
03379,6
03380,7
03381,5
03382,4
03383,5
03384,3
03385,6
03386,5
03387,4
03388,6
03389,5
03390,4
03391,3
03392,5
03393,5
03394,5
03395,6
03396,5
03397,3
03398,3
03399,7
03400,6
03401,6
03402,7
03403,6
03404,3
03405,8
03406,7
03407,6
03408,4
03409,8
03410,7
03411,4
03412,5
03413,5
03414,6
03415,5
03416,6
03417,7
03418,3
03419,7
03420,6
03421,5
03422,7
03423,5
03424,6
03425,4
03426,4
03427,4
03428,6
03429,6
03430,3
03431,2
03432,1
03433,3
03434,2
03436,5
03437,3
03438,3
03439,6
03440,3
03441,2
03442,2
03443,3
03444,5
03445,5
03446,5
03447,7
03448,9
03449,7
03450,6
03451,7
03452,8
03453,6
03454,6
03455,4
03456,7
03457,5
03458,7
03459,3
03460,6
03461,5
03462,6
03463,8
03464,7
03465,8
03466,3
03467,4
03468,1
03469,4
03470,2
03471,3
03472,4
03473,5
03474,5
03475,2
03476,3
03477,4
03478,3
03479,6
03480,4
03481,6
03482,5
03483,6
03484,6
03485,6
03486,6
03487,4
03488,5
03489,4
03490,6
03491,4
03492,7
03493,7
03494,4
03495,4
03496,3
03497,5
03498,3
03499,5
03500,6
03501,4
03502,4
03503,6
03504,5
03505,3
03506,5
03507,4
03508,4
03509,3
03510,5
03511,3
03512,4
03513,5
03514,4
03515,4
03516,4
03517,4
03518,5
03519,4
03520,3
03521,4
03522,5
03523,4
03524,3
03525,3
03526,6
03527,7
03528,7
03529,6
03530,5
03531,5
03532,6
03533,8
03534,7
03535,7
03536,8
03537,6
03538,6
03539,7
03540,7
03541,8
03542,5
03543,6
03544,7
03545,6
03546,6
03547,5
03548,6
03549,8
03550,2
03551,8
03552,6
03553,8
03554,6
03555,8
03556,5
03557,6
03558,3
03559,7
03560,6
03561,9
03562,8
03563,10
03564,8
03565,6
03566,7
03567,8
03568,5
03569,6
03570,5
03571,5
03572,6
03573,5
03574,9
03575,7
03576,8
03577,7
03578,7
03579,7
03580,8
03581,7
03582,7
03583,4
03584,8
03585,5
03586,8
03587,6
03588,6
03589,7
03590,8
03591,9
03592,6
03593,6
03594,7
03595,7
03596,5
03597,5
03598,6
03599,6
03600,8
03601,7
03602,8
03603,9
03604,6
03605,6
03606,8
03607,7
03608,7
03609,5
03610,6
03611,7
03612,6
03613,3
03614,6
03615,6
03616,7
03617,8
03618,5
03619,10
03620,7
03621,9
03622,9
03623,9
03624,8
03625,6
03626,7
03627,6
03628,5
03629,8
03630,6
03631,8
03632,7
03633,4
03634,7
03635,7
03636,7
03637,7
03638,10
03639,8
03640,10
03641,5
03642,7
03643,10
03644,8
03645,3
03646,9
03647,8
03648,5
03649,6
03650,8
03651,7
03652,8
03653,10
03654,7
03655,4
03656,4
03657,7
03658,6
03659,7
03660,6
03661,6
03662,6
03663,7
03664,6
03665,6
03666,7
03667,8
03668,6
03669,10
03670,7
03671,6
03672,7
03673,4
03674,4
03675,6
03676,7
03677,6
03678,6
03679,8
03680,8
03681,7
03682,7
03683,8
03684,6
03685,4
03686,2
03687,2
03688,4
03689,7
03690,5
03691,6
03692,4
03693,3
03694,2
03695,3
03696,6
03697,6
03698,8
03699,7
03700,4
03701,4
03702,3
03703,4
03704,6
03705,5
03706,4
03707,4
03708,2
03709,4
03710,3
03711,3
03712,4
03713,3
03714,3
03715,4
03716,4
03717,5
03718,4
03719,1
03720,4
03721,5
03722,3
03723,4
03724,4
03725,5
03726,6
03727,7
03728,5
03729,3
03730,6
03731,6
03732,5
03733,7
03734,7
03735,8
03736,4
03737,5
03738,6
03739,4
03740,4
03741,4
03742,3
03743,3
03744,4
03745,6
03746,6
03747,4
03748,6
03749,7
03750,5
03751,4
03752,6
03753,7
03754,6
03755,8
03756,8
03757,10
03758,9
03759,6
03760,4
03761,4
03762,5
03763,5
03764,4
03765,4
03766,3
03767,2
03768,4
03769,5
03770,5
03771,6
03772,6
03773,7
03774,5
03775,7
03776,6
03777,6
03778,5
03779,7
03780,4
03781,6
03782,5
03783,4
03784,4
03785,5
03786,5
03787,6
03788,6
03789,5
03790,4
03791,5
03792,7
03793,4
03794,4
03795,5
03796,4
03797,3
03798,4
03799,6
03800,6
03801,4
03802,5
03803,3
03804,2
03805,2
03806,3
03807,5
03808,4
03809,3
03810,4
03811,4
03812,4
03813,3
03814,2
03815,4
03816,3
03817,3
03818,3
03819,2
03820,1
03821,1
03822,2
03823,4
03824,1
03825,2
03826,3
03827,2
03828,2
03829,3
03830,2
03831,3
03832,2
03833,4
03834,4
03835,3
03836,2
03837,2
03838,3
03839,2
03840,5
03841,5
03842,5
03843,4
03844,7
03845,5
03846,4
03847,1
03848,4
03849,5
03850,6
03851,5
03852,3
03853,3
03854,4
03855,4
03856,3
03857,3
03858,4
03859,4
03860,3
03861,4
03862,4
03863,7
03864,7
03865,6
03866,8
03867,8
03868,6
03869,5
03870,5
03871,5
03872,5
03873,5
03874,4
03875,4
03876,4
03877,5
03878,4
03879,5
03880,5
03881,3
03882,3
03883,5
03884,7
03885,4
03886,6
03887,3
03888,6
03889,8
03890,8
03891,8
03892,5
03893,7
03894,2
03895,5
03896,3
03897,2
03898,3
03899,4
03900,2
03901,6
03902,5
03903,3
03904,3
03905,3
03906,4
03907,4
03908,4
03909,4
03910,5
03911,2
03912,5
03913,3
03914,6
03915,4
03916,7
03917,5
03918,5
03919,7
03920,4
03921,3
03922,3
03923,2
03924,3
03925,3
03926,3
03927,3
03928,4
03929,1
03930,2
03931,2
03932,1
03933,2
03934,5
03935,4
03936,3
03937,2
03938,3
03939,4
03940,2
03941,3
03942,4
03943,2
03944,3
03945,6
03946,5
03947,6
03948,4
03949,4
03950,6
03951,6
03952,3
03953,5
03954,4
03955,4
03956,5
03957,4
03958,4
03959,7
03960,6
03961,7
03962,7
03963,5
03964,5
03965,5
03966,4
03967,5
03968,4
03969,4
03970,5
03971,5
03972,4
03973,2
03974,5
03975,4
03976,5
03977,7
03978,6
03979,4
03980,2
03981,5
03982,5
03983,6
03984,5
03985,6
03986,8
03987,4
03988,5
03989,6
03990,6
03991,5
03992,4
03993,6
03994,7
03995,5
03996,3
03997,4
03998,1
03999,3
04000,5
04001,6
04002,5
04003,4
04004,7
04005,8
04006,5
04007,7
04008,10
04009,6
04010,6
04011,4
04012,4
04013,5
04014,7
04015,6
04016,4
04017,5
04018,4
04019,3
04020,4
04021,7
04022,5
04023,6
04024,6
04025,6
04026,5
04027,4
04028,4
04029,3
04030,3
04031,7
04032,7
04033,5
04034,2
04035,5
04036,3
04037,3
04038,5
04039,5
04040,2
04041,3
04042,3
04043,4
04044,5
04045,4
04046,5
04047,5
04048,4
04049,5
04050,3
04051,3
04052,3
04053,3
04054,2
04055,3
04056,2
04057,3
04058,5
04059,2
04060,6
04061,3
04062,4
04063,5
04064,2
04065,2
04066,3
04067,3
04068,5
04069,2
04070,3
04071,2
04072,4
04073,5
04074,4
04075,2
04076,3
04077,4
04078,4
04079,4
04080,5
04081,4
04082,6
04083,7
04084,6
04085,5
04086,4
04087,4
04088,3
04089,3
04090,4
04091,4
04092,2
04093,3
04094,3
04095,3
04096,4
04097,3
04098,4
04099,4
04100,4
04101,5
04102,3
04103,1
04104,3
04105,4
04106,5
04107,4
04108,3
04109,3
04110,1
04111,5
04112,4
04113,4
04114,4
04115,2
04116,3
04117,5
04118,5
04119,3
04120,2
04121,4
04122,2
04123,3
04124,3
04125,3
04126,5
04127,3
04128,2
04129,1
04130,3
04131,1
04132,4
04133,2
04134,3
04135,2
04136,3
04137,2
04138,3
04139,3
04140,3
04141,3
04142,5
04143,3
04144,4
04145,5
04146,4
04147,4
04148,4
04149,2
04150,5
04151,4
04152,3
04153,3
04154,1
04155,3
04156,5
04157,4
04158,3
04159,3
04160,3
04161,5
04162,4
04163,3
04164,3
04165,2
04166,2
04167,2
04168,4
04169,2
04170,3
04171,2
04172,2
04173,1
04174,1
04175,1
04176,2
04177,1
04178,3
04179,2
04180,2
04181,2
04182,2
04183,4
04184,4
04185,3
04186,4
04187,3
04188,3
04189,2
04190,4
04191,3
04192,4
04193,4
04194,3
04195,4
04196,4
04197,3
04198,3
04199,2
04200,4
04201,4
04202,4
04203,4
04204,4
04205,4
04206,3
04207,2
04208,5
04209,3
04210,4
04211,3
04212,2
04213,2
04214,2
04215,2
04216,2
04217,4
04218,5
04219,4
04220,2
04221,2
04222,3
04223,4
04224,1
04225,1
04226,1
04227,4
04228,3
04229,2
04230,1
04231,3
04232,4
04233,4
04234,3
04235,4
04236,4
04237,5
04238,4
04239,3
04240,3
04241,3
04242,4
04243,2
04244,4
04245,4
04246,4
04247,3
04248,2
04249,3
04250,2
04251,3
04252,3
04253,3
04254,1
04255,4
04256,4
04257,4
04258,4
04259,5
04260,4
04261,5
04262,4
04263,3
04264,4
04265,3
04266,3
04267,4
04268,3
04269,3
04270,2
04271,2
04272,5
04273,4
04274,3
04275,3
04276,6
04277,4
04278,5
04279,3
04280,4
04281,2
04282,3
04283,2
04284,2
04285,3
04286,2
04287,2
04288,4
04289,3
04290,3
04291,2
04292,4
04293,5
04294,3
04295,5
04296,6
04297,6
04298,5
04299,6
04300,4
04301,6
04302,6
04303,5
04304,5
04305,4
04306,4
04307,4
04308,3
04309,5
04310,3
04311,2
04312,2
04313,3
04314,1
04315,3
04316,6
04317,5
04318,4
04319,4
04320,5
04321,5
04322,5
04323,5
04324,4
04325,4
04326,3
04327,2
04328,3
04329,3
04330,2
04331,3
04332,3
04333,2
04334,3
04335,2
04336,3
04337,3
04338,2
04339,3
04340,4
04341,2
04342,3
04343,5
04344,4
04345,6
04346,6
04347,5
04348,4
04349,4
04350,3
04351,3
04352,3
04353,2
04354,3
04355,3
04356,2
04357,3
04358,2
04359,3
04360,3
04361,2
04362,3
04363,2
04364,2
04365,2
04366,2
04367,2
04368,4
04369,3
04370,3
04371,3
04372,3
04373,4
04374,3
04375,4
04376,3
04377,4
04378,5
04379,3
04380,3
04381,3
04382,4
04383,3
04384,2
04385,2
04386,2
04387,3
04388,2
04389,3
04390,5
04391,4
04392,4
04393,4
04394,5
04395,6
04396,5
04397,5
04398,4
04399,5
04400,4
04401,3
04402,4
04403,4
04404,4
04405,3
04406,4
04407,3
04408,3
04409,3
04410,3
04411,3
04412,1
04413,1
04414,1
04415,1
04416,2
04417,3
04418,5
04419,2
04420,3
04421,3
04422,3
04423,1
04424,2
04425,2
04426,2
04427,1
04428,3
04429,4
04430,3
04431,3
04432,3
04433,2
04434,3
04435,5
04436,6
04437,4
04438,5
04439,4
04440,5
04441,3
04442,5
04443,2
04444,3
04445,2
04446,2
04447,3
04448,6
04449,3
04450,4
04451,5
04452,2
04453,3
04454,4
04455,3
04456,2
04457,1
04458,2
04459,3
04460,3
04461,2
04462,3
04463,3
04464,4
04465,3
04466,4
04467,3
04468,6
04469,4
04470,4
04471,4
04472,4
04473,3
04474,6
04475,5
04476,3
04477,6
04478,6
04479,4
04480,4
04481,4
04482,2
04483,4
04484,5
04485,4
04486,4
04487,5
04488,4
04489,5
04490,4
04491,6
04492,3
04493,6
04494,4
04495,4
04496,2
04497,2
04498,1
04499,2
04500,2
04501,1
04502,1
04503,1
04504,4
04505,3
04506,6
04507,4
04508,2
04509,1
04510,2
04511,3
04512,4
04513,3
04514,3
04515,3
04516,4
04517,3
04518,4
04519,3
04520,3
04521,3
04522,2
04523,2
04524,2
04525,2
04526,2
04527,3
04528,2
04529,2
04530,3
04531,3
04532,3
04533,4
04534,4
04535,4
04536,3
04537,5
04538,3
04539,1
04540,2
04541,4
04542,2
04543,2
04544,2
04545,2
04546,4
04547,4
04548,4
04549,4
04550,5
04551,3
04552,2
04553,3
04554,3
04555,4
04556,2
04557,3
04558,3
04559,2
04560,3
04561,4
04562,3
04563,4
04564,3
04565,4
04566,3
04567,3
04568,3
04569,6
04570,5
04571,6
04572,5
04573,4
04574,4
04575,2
04576,5
04577,4
04578,5
04579,2
04580,3
04581,5
04582,3
04583,3
04584,4
04585,2
04586,4
04587,2
04588,2
04589,2
04590,3
04591,3
04592,4
04593,3
04594,3
04595,3
04596,2
04597,3
04598,2
04599,2
04600,1
04601,2
04602,3
04603,3
04604,1
04605,3
04606,4
04607,3
04608,3
04609,5
04610,4
04611,3
04612,1
04613,3
04614,3
04615,3
04616,2
04617,3
04618,2
04619,1
04620,1
04621,1
04622,4
04623,4
04624,4
04625,4
04626,4
04627,5
04628,5
04629,4
04630,4
04631,1
04632,3
04633,3
04634,4
04635,4
04636,4
04637,1
04638,2
04639,3
04640,4
04641,4
04642,4
04643,3
04644,5
04645,4
04646,5
04647,4
04648,4
04649,4
04650,3
04651,4
04652,5
04653,5
04654,4
04655,2
04656,3
04657,1
04659,1
04660,1
04661,2
04662,4
04663,2
04664,5
04665,3
04666,3
04667,2
04668,2
04669,3
04670,2
04671,4
04672,3
04673,2
04674,3
04675,2
04676,1
04677,2
04678,3
04679,2
04680,2
04681,1
04682,2
04683,3
04684,2
04685,3
04686,4
04687,4
04688,4
04689,4
04690,2
04691,1
04692,3
04693,4
04694,4
04695,4
04696,4
04697,2
04698,2
04699,2
04700,4
04701,3
04702,3
04703,2
04704,2
04705,1
04706,1
04707,1
04708,3
04709,3
04710,4
04711,2
04712,2
04713,2
04714,3
04715,1
04716,1
04717,1
04718,2
04719,3
04720,3
04721,3
04722,2
04723,2
04724,2
04725,3
04726,3
04727,3
04728,3
04729,6
04730,4
04731,5
04732,3
04733,3
04734,2
04735,3
04736,4
04737,5
04738,2
04739,3
04740,3
04741,4
04742,3
04743,3
04744,3
04745,3
04746,3
04747,3
04748,2
04749,1
04750,3
04751,3
04752,2
04753,2
04754,2
04755,1
04756,2
04757,3
04758,4
04759,2
04760,2
04761,3
04762,2
04763,3
04764,3
04765,1
04766,1
04767,1
04768,2
04769,3
04770,3
04771,3
04772,3
04773,4
04774,3
04775,2
04776,2
04777,2
04778,3
04779,1
04780,3
04781,3
04782,1
04783,2
04784,2
04785,4
04786,3
04787,3
04788,3
04789,4
04790,3
04791,4
04792,5
04793,4
04794,3
04795,2
04796,3
04797,2
04798,3
04799,4
04800,3
04801,3
04802,5
04803,5
04804,3
04805,4
04806,4
04807,3
04808,3
04809,4
04810,4
04811,3
04812,3
04813,3
04814,2
04815,4
04816,5
04817,5
04818,5
04819,5
04820,3
04821,3
04822,5
04823,3
04824,3
04825,4
04826,3
04827,3
04828,5
04829,3
04830,1
04831,2
04832,3
04833,3
04834,4
04835,4
04836,4
04837,3
04838,2
04839,2
04840,1
04841,4
04842,2
04843,2
04844,3
04845,4
04846,3
04847,3
04848,3
04849,3
04850,3
04851,3
04852,3
04853,2
04854,2
04855,2
04856,3
04857,3
04858,3
04859,4
04860,5
04861,4
04862,3
04863,5
04864,1
04865,3
04866,2
04867,4
04868,1
04869,1
04870,1
04871,2
04872,2
04873,2
04874,2
04875,2
04876,1
04877,1
04878,4
04879,4
04880,3
04881,4
04882,2
04883,2
04884,2
04885,2
04886,1
04887,2
04888,3
04889,3
04890,3
04891,1
04892,3
04893,3
04894,4
04895,2
04896,2
04897,2
04898,1
04899,1
04900,2
04901,3
04902,1
04903,2
04904,1
04905,2
04906,2
04907,3
04908,2
04909,1
04910,2
04911,2
04912,2
04913,2
04914,2
04915,2
04916,2
04917,2
04918,1
04921,1
04922,2
04923,4
04924,2
04925,2
04926,1
04928,1
04929,1
04930,1
04931,1
04932,1
04933,1
04934,1
04935,1
04936,1
04937,1
04938,2
04939,2
04941,2
04942,2
04943,1
04944,1
04945,1
04947,2
04948,1
04949,2
04950,2
04951,1
04952,3
04953,2
04954,2
04955,3
04956,2
04957,2
04958,2
04959,2
04961,3
04963,1
04966,1
04967,2
04968,3
04969,3
04970,2
04971,1
04972,2
04973,1
04974,1
04975,2
04976,3
04977,4
04978,3
04979,3
04980,5
04981,4
04982,3
04983,2
04984,2
04985,2
04986,2
04987,3
04988,3
04989,3
04990,2
04991,2
04992,3
04993,3
04994,5
04995,3
04996,4
04997,2
04998,3
04999,4
05000,4
05001,3
05002,4
05003,2
05004,3
05005,4
05006,3
05007,3
05008,3
05009,3
05010,4
05011,4
05012,4
05013,3
05014,4
05015,4
05016,3
05017,3
05018,2
05019,2
05020,2
05021,3
05022,2
05023,2
05024,3
05025,2
05026,2
05027,2
05028,2
05029,5
05030,5
05031,5
05032,3
05033,3
05034,3
05036,1
05037,1
05038,3
05039,4
05040,3
05041,4
05042,1
05043,3
05044,4
05045,2
05046,3
05047,2
05048,2
05049,2
05050,2
05051,3
05052,4
05053,4
05054,4
05055,4
05056,3
05057,3
05058,4
05059,3
05060,3
05061,4
05062,3
05063,3
05064,4
05065,4
05066,6
05067,5
05068,5
05069,5
05070,4
05071,3
05072,4
05073,4
05074,3
05075,2
05076,1
05077,2
05078,2
05079,2
05080,1
05081,1
05082,1
05083,2
05084,3
05085,3
05086,4
05087,3
05088,4
05089,3
05090,4
05091,4
05092,4
05093,4
05094,3
05095,2
05096,3
05097,4
05098,3
05099,2
05100,3
05101,2
05102,3
05103,2
05104,2
05105,1
05106,2
05107,2
05108,2
05109,2
05110,1
05111,2
05112,2
05113,1
05114,1
05115,2
05116,3
05117,3
05118,2
05119,1
05120,3
05121,2
05122,3
05123,3
05124,3
05125,3
05126,3
05127,3
05128,4
05129,4
05130,3
05131,2
05132,2
05133,2
05134,1
05136,1
05137,2
05138,2
05139,2
05140,2
05141,4
05142,4
05143,3
05144,4
05145,4
05146,4
05147,3
05148,4
05149,1
05150,2
05151,2
05152,3
05153,3
05154,4
05155,3
05156,5
05157,4
05158,4
05159,4
05160,4
05161,3
05162,4
05163,4
05164,4
05165,4
05166,3
05167,2
05168,4
05169,3
05170,4
05171,3
05172,2
05173,2
05174,3
05175,3
05176,4
05177,3
05178,2
05179,3
05180,3
05181,2
05182,2
05183,2
05184,3
05185,1
05186,2
05187,2
05188,2
05189,3
05190,4
05191,2
05192,4
05193,4
05194,2
05195,3
05196,3
05197,4
05198,4
05199,4
05200,4
05201,3
05202,3
05203,1
05204,2
05205,3
05206,3
05207,3
05208,3
05209,2
05210,2
05211,2
05212,2
05213,3
05214,2
05216,1
05217,1
05218,1
05219,1
05220,1
05221,1
05222,3
05223,2
05224,3
05225,2
05226,2
05227,2
05228,1
05229,2
05230,2
05231,2
05232,3
05233,2
05234,1
05235,2
05236,2
05237,2
05238,2
05239,2
05240,2
05241,1
05242,2
05243,1
05244,2
05245,2
05246,1
05247,2
05248,2
05249,2
05250,2
05251,1
05252,2
05253,1
05254,2
05255,2
05256,1
05257,1
05258,2
05259,1
05260,2
05261,1
05262,1
05263,1
05264,1
05266,1
05267,1
05268,2
05269,2
05270,2
05271,2
05272,2
05273,1
05274,1
05275,3
05276,3
05277,2
05278,3
05279,1
05280,2
05281,2
05282,2
05283,1
05284,1
05286,1
05287,1
05288,1
05289,2
05290,1
05291,2
05292,2
05293,1
05294,1
05295,1
05296,2
05297,1
05298,1
05299,2
05300,2
05301,1
05302,2
05303,2
05304,1
05305,1
05306,2
05307,3
05308,1
05310,1
05311,2
05312,1
05313,2
05314,4
05315,4
05316,3
05317,3
05318,3
05319,4
05320,4
05321,3
05322,2
05323,2
05324,1
05325,3
05326,3
05327,2
05328,2
05329,3
05330,3
05331,3
05332,3
05333,1
05334,2
05335,3
05336,2
05337,2
05338,3
05339,3
05340,3
05341,3
05342,2
05343,3
05344,1
05345,1
05346,1
05347,2
05348,4
05349,1
05350,1
05351,1
05352,2
05353,2
05354,1
05355,2
05356,1
05357,1
05358,1
05359,1
05360,2
05361,1
05362,1
05363,1
05364,2
05365,1
05366,2
05367,2
05368,1
05369,1
05370,2
05371,2
05372,3
05373,2
05374,1
05375,3
05376,3
05377,3
05378,3
05379,2
05380,3
05382,3
05383,1
05385,1
05386,1
05387,1
05388,1
05389,1
05391,1
05392,2
05393,3
05394,3
05395,3
05396,3
05397,3
05398,3
05399,3
05400,3
05401,2
05402,3
05403,2
05404,2
05405,2
05406,4
05407,4
05408,3
05409,2
05410,2
05411,2
05412,2
05413,3
05414,4
05415,4
05416,4
05417,3
05418,1
05419,2
05420,3
05421,3
05422,3
05423,4
05424,3
05425,4
05426,2
05427,2
05428,1
05429,2
05430,1
05431,1
05432,1
05433,1
05434,2
05435,1
05436,1
05437,1
05438,1
05439,2
05440,2
05441,2
05442,2
05443,2
05444,3
05445,2
05446,3
05447,2
05448,3
05449,3
05450,3
05451,3
05452,4
05453,3
05454,4
05455,2
05456,2
05457,1
05458,2
05459,1
05460,3
05461,4
05462,4
05463,4
05464,3
05465,3
05466,3
05467,4
05468,3
05469,3
05470,4
05471,2
05472,2
05473,2
05474,2
05475,3
05476,3
05477,2
05478,2
05479,3
05480,3
05481,3
05482,3
05483,2
05484,3
05485,2
05486,2
05487,2
05488,4
05489,4
05490,3
05491,3
05492,3
05493,3
05494,2
05495,2
05496,2
05497,3
05498,1
05499,2
05500,1
05504,1
05505,1
05513,1
05514,2
05515,1
05517,1
05518,1
05519,2
05520,1
05521,1
05522,2
05523,2
05524,1
05526,1
05527,1
05528,1
05530,2
05535,2
05536,2
05537,2
05538,1
05539,1
05540,2
05541,2
05542,2
05543,2
05544,2
05545,1
05546,1
05547,1
05548,1
05549,1
05550,1
05551,1
05552,1
05553,1
05554,1
05558,1
05559,2
05560,2
05561,2
05562,2
05563,2
05564,2
05565,1
05566,1
05567,2
05570,1
05571,1
05573,1
05575,1
05577,1
05578,1
05580,1
05581,1
05582,1
05583,1
05584,1
05585,1
05586,1
05587,1
05588,1
05589,2
05590,1
05591,1
05600,1
05604,1
05605,1
05607,1
05612,1
05614,1
05615,1
05618,1
05646,1
05647,1
05648,1
05649,2
05650,2
05651,2
05652,2
05653,2
05654,2
05655,2
05656,2
05657,1
05658,1
05662,1
05663,1
05664,1
05665,1
05666,1
05667,2
05668,2
05669,2
05670,1
05671,1
05672,1
05673,1
05674,1
05675,1
05676,1
05677,1
05678,1
05679,1
05680,1
05681,1
05682,2
05683,2
05684,1
05685,1
05686,1
05687,1
05688,1
05689,1
05692,1
05693,1
05694,2
05695,2
05696,2
05697,2
05698,2
05699,2
05700,2
05701,1
05702,1
05703,1
05704,1
05705,2
05706,2
05707,2
05708,2
05709,2
05710,1
05711,2
05712,2
05713,2
05714,2
05715,1
05716,2
05717,2
05718,2
05719,2
05720,2
05721,2
05722,2
05723,2
05724,2
05725,2
05726,1
05728,1
05729,1
05730,1
05731,1
05732,1
05733,1
05734,1
05735,1
05736,1
05738,1
05739,2
05740,2
05741,2
05742,2
05743,2
05744,2
05745,1
05746,2
05747,2
05748,1
05749,1
05750,1
05751,2
05752,1
05753,1
05754,1
05755,2
05756,2
05757,2
05758,1
05759,1
05760,1
05761,1
05769,1
05771,1
05773,1
05774,1
05791,1
05796,1
05800,1
05801,1
05803,1
05805,2
05806,2
05807,1
05808,1
05811,1
05816,1
05818,1
05819,1
05837,1
05838,1
05839,1
05840,1
05883,1
05887,1
05888,1
05889,1
08315,1
09301,1
92503,1
94144,1
94145,1
94146,1
Copy of 00290,1
Copy of 00918,1
Copy of 00920,1
Copy of 01464,1
Copy of 02744,1
UA03-0003-P,1
UA03-0004-P,1
UA03-0005-P,1
UA03-0006-P,1
UA03-0007-P,1
UA03-0008-P,1
UA03-0009-S,1
UA03-0010-S,1
UA03-0011-S,1
UA03-0013-S,1
UA03-0020-P,1
UA03-0025-S,1
UA03-0027-P,1
UA03-0028-P,1
UA03-0031-P,1
UA03-0032-P,1
UA03-0033-P,1
UA03-0034-P,1
UA03-0035-P,1
UA03-0036-S,1
UA03-0037-S,1
UA03-0038-S,1
UA03-0039-S,1
UA03-0040-S,1
UA03-0041-S,1
UA03-0042-S,1
UA03-0136-S,1
UA03-0357-S,1
UA04-0008-P,1
UA04-0010-S,1
UA04-0012-S,1
UA04-0014-S,1
UA04-0032-P,1
UA04-0033-P,1
UA04-0035-P,1
UA04-0036-P,1
UA04-0037-P,1
UA04-0038-S,1
UA04-0039-S,1
UA04-0041-S,1
UA04-0042-S,1
UA04-0043-S,1
UA04-0055-P,1
UA04-0098-P,1
UA04-0108-S,1
UA04-0110-P,1
UA04-0114-P,1
UA04-0115-P,1
UA04-0118-P,1
UA04-0120-S,1
UA04-0148-P,1
UA04-0160-P,1
UA04-0161-S,1
UA04-0162-S,1
UA04-0676-S,1
UA04-0679-S,1
UA04-0760-P,1
UA04-0761-S,1
UA04-0762-P,1
UA04-0763-S,1
UA04-0764-P,1
UA04-0765-S,1
UA10-0004-S,1
UA10-0005-P,1
UA10-0007-P,1
UA10-0008-P,1
UA10-0009-P,1
UA10-0010-P,1
UA10-0011-P,1
UA10-0012-S,1
UA10-0013-S,1
UA10-0014-S,1
UA10-0015-S,1
UA10-0016-S,1
UA10-0024-P,1
UA10-0025-P,1
UA10-0026-P,1
UA10-0027-P,1
UA10-0028-P,1
UA10-0029-P,1
UA10-0030-P,1
UA11-0005-P,1
UA11-0006-P,1
UA11-0008-P,1
UA11-0010-P,1
UA11-0012-P,1
UA11-0014-P,1
UA11-0015-S,1
UA11-0016-S,1
UA11-0017-S,1
UA11-0021-S,1
UA11-0023-S,1
UA11-0025-S,1
UA11-0047-P,1
UA11-0048-P,1
UA11-0050-S,1
UA11-0080-P,1
UA11-0193-S,1
UA11-0194-S,1
UA11-1008-S,1
UA11-1010-P,1
UA11-1131-S,1
UA11-3433-P,1
UA11-3436-P,1
UA11-3437-S,1
UA11-3438-P,1
UA11-3439-P,1
UA11-3440-P,1
UA11-3441-S,1
UA11-3442-S,1
UA12-0007-P,1
UA12-0009-P,1
UA12-0011-P,1
UA12-0013-P,1
UA12-0015-P,1
UA12-0017-P,1
UA12-0019-P,1
UA12-0020-P,1
UA12-0021-S,1
UA12-0022-S,1
UA12-0024-S,1
UA12-0026-S,1
UA12-0028-S,1
UA12-0030-S,1
UA12-0032-S,1
UA12-0034-S,1
UA12-0123-P,1
UA12-0124-P,1
UA12-0125-P,1
UA12-0126-P,1
UA12-0127-P,1
UA12-0128-S,1
UA12-0129-S,1
UA12-0130-S,1
UA12-0131-S,1
UA12-0135-S,1
UA12-0136-P,1
UA12-0137-S,1
UA12-0183-S,1
UA12-0370-S,1
UA12-0626-S,1
UA12-0707-S,1
UA12-0904-S,1
UA12-0910-S,1
UA12-0911-P,1
UA12-8560-P,1
UA12-8561-P,1
UA12-8861-P,1
UA12-8864-P,1
UA12-8865-P,1
UA12-8866-P,1
UA12-8867-S,1
UA12-8868-S,1
UA12-8869-S,1
UA13-0002-P,1
UA13-0003-P,1
UA13-0004-P,1
UA13-0007-P,1
UA13-0008-S,1
UA13-0009-S,1
UA13-0010-S,1
UA13-0011-S,1
UA13-0013-S,1
UA13-0030-P,1
UA13-0036-P,1
UA13-0037-S,1
UA13-0045-S,1
UA13-0056-P,1
UA13-0060-S,1
UA13-0142-S,1
UA13-0179-S,1
UA13-0268-S,1
UA13-0270-S,1
UA13-0282-S,1
UA13-0699-S,1
UA13-0708-S,1
UA13-0726-S,1
UA13-0744-S,1
UA13-0745-S,1
UA13-0747-P,1
UA13-0751-P,1
UA13-0753-P,1
UA13-0754-P,1
UA13-0755-P,1
UA13-0756-P,1
UA13-0757-P,1
UA13-0758-P,1
UA13-0759-P,1
UA13-0760-P,1
UA13-0784-S,1
UA13-0795-P,1
UA13-0796-S,1
UA13-X005-P,1
UA14-0002-P,1
UA14-0003-P,1
UA14-0004-P,1
UA14-0005-P,1
UA14-0006-P,1
UA14-0007-P,1
UA14-0008-S,1
UA14-0009-S,1
UA14-0010-S,1
UA14-0011-S,1
UA14-0012-S,1
UA14-0013-S,1
UA14-0014-P,1
UA14-0040-S,1
UA14-0297-P,1
UA14-0417-S,1
UA14-0425-P,1
UA14-0428-S,1
UA14-0526-S,1
UA14-0877-P,1
UA14-1522-P,1
UA14-1550-P,1
UA14-1695-S,1
UA14-1743-P,1
UA14-1776-S,1
UA14-2231-S,1
UA14-2475-P,1
UA14-2476-S,1
UA14-2641-P,1
UA14-2749-S,1
UA14-2777-S,1
UA14-2893-S,1
UA14-2903-S,1
UA14-3085-S,1
UA14-3093-S,1
UA14-3096-P,1
UA14-3100-P,1
UA14-3109-S,1
UA14-3111-P,1
UA14-3114-P,1
UA14-3118-P,1
UA14-3140-P,1
UA14-3347-S,1
UA21-0003-P,1
UA21-0006-P,1
UA21-0007-P,1
UA21-0008-P,1
UA21-0010-P,1
UA21-0011-P,1
UA21-0012-P,1
UA21-0013-P,1
UA21-0014-P,1
UA21-0015-P,1
UA21-0016-P,1
UA21-0017-S,1
UA21-0018-S,1
UA21-0019-S,1
UA21-0020-S,1
UA21-0021-S,1
UA21-0022-S,1
UA21-0023-P,1
UA21-0024-S,1
UA21-0025-S,1
UA21-0026-S,1
UA21-0027-S,1
UA21-0028-S,1
UA21-0029-S,1
UA21-0030-S,1
UA21-0036-P,1
UA21-0042-P,1
UA21-0045-S,1
UA21-0046-S,1
UA21-0047-P,1
UA21-0064-P,1
UA21-0114-P,1
UA21-0125-S,1
UA21-0130-P,1
UA21-0131-P,1
UA21-0133-P,1
UA21-0134-P,1
UA21-0157-S,1
UA21-0185-P,1
UA21-0192-P,1
UA21-0193-P,1
UA21-0194-P,1
UA21-0195-S,1
UA21-0196-S,1
UA21-0214-P,1
UA21-0234-S,1
UA21-0235-S,1
UA21-0380-P,1
UA21-0442-P,1
UA21-0507-S,1
UA21-0516-S,1
UA21-0616-S,1
UA21-0673-P,1
UA21-0696-P,1
UA21-0743-P,1
UA21-1070-S,1
UA21-1118-S,1
UA21-1254-S,1
UA21-1314-S,1
UA21-1315-S,1
UA21-1326-S,1
UA21-1327-S,1
UA21-1328-S,1
UA21-1329-S,1
UA21-1356-S,1
UA21-1418-S,1
UA21-1465-S,1
UA21-1577-S,1
UA21-1600-S,1
UA22-0003-P,1
UA22-0004-P,1
UA22-0005-P,1
UA22-0006-P,1
UA22-0007-P,1
UA22-0008-S,1
UA22-0010-P,1
UA22-0012-S,1
UA22-0013-S,1
UA22-0014-S,1
UA22-0015-S,1
UA22-0016-S,1
UA22-0017-P,1
UA22-0019-S,1
UA22-0099-S,1
UA22-0100-S,1
UA22-0101-P,1
UA22-0102-P,1
UA22-0139-P,1
UA22-0197-P,1
UA23-0002-P,1
UA23-0003-P,1
UA23-0004-P,1
UA23-0005-P,1
UA23-0006-P,1
UA23-0007-P,1
UA23-0008-S,1
UA23-0009-S,1
UA23-0010-S,1
UA23-0011-S,1
UA23-0012-S,1
UA23-0013-S,1
UA23-0483-P,1
UA23-0486-S,1
UA24-0002-P,1
UA24-0003-P,1
UA24-0004-P,1
UA24-0005-S,1
UA24-0006-P,1
UA24-0007-S,1
UA24-0008-P,1
UA24-0011-S,1
UA24-0012-S,1
UA24-0035-S,1
UA24-0036-P,1
UA24-0042-S,1
UA24-0118-S,1
UA24-0179-S,1
UA24-0292-P,1
UA24-0312-S,1
UA24-0345-P,1
UA24-0346-P,1
UA24-0392-S,1
UA24-0553-S,1
UA24-0923-S,1
UA24-0924-P,1
UA24-1041-P,1
UA24-1093-S,1
UA24-1665-S,1
UA24-2019-P,1
UA24-2045-P,1
UA24-2048-P,1
UA24-2230-P,1
UA24-2328-P,1
UA24-2332-S,1
UA24-2361-S,1
UA24-2371-P,1
UA24-2391-P,1
UA24-2392-P,1
UA24-2433-P,1
UA24-2464-S,1
UA24-2875-P,1
UA24-2950-P,1
UA25-0002-P,1
UA25-0003-P,1
UA25-0012-S,1
UA25-0013-S,1
UA25-0014-S,1
UA25-0025-P,1
UA25-0029-S,1
UA25-0039-P,1
UA25-0057-S,1
UA25-0062-P,1
UA25-0107-P,1
UA25-0116-P,1
UA25-0128-P,1
UA25-0130-S,1
UA25-0131-S,1
UA25-0133-P,1
UA25-0137-S,1
UA25-0140-S,1
UA25-0261-S,1
UA25-0348-P,1
UA25-0424-S,1
UA25-0436-S,1
UA25-0454-P,1
UA25-0726-P,1
UA25-1013-P,1
UA25-1014-P,1
UA25-1078-P,1
UA25-1133-S,1
UA25-1188-S,1
UA25-1217-S,1
UA25-1258-P,1
UA25-1346-S,1
UA25-1457-P,1
UA25-1473-P,1
UA25-1879-S,1
UA25-1882-S,1
UB11-0000-P,1
UB11-0001-P,1
UB11-0002-P,1
UB11-0004-P,1
UB11-0005-P,1
UB11-0006-S,1
UB11-0007-S,1
UB11-0008-S,1
UB11-0009-S,1
UB11-0010-P,1
UB11-0011-P,1
UB11-0012-P,1
UB11-0013-P,1
UB11-0014-P,1
UB11-0015-P,1
UB11-0016-P,1
UB11-0017-P,1
UB11-0021-P,1
UB11-0023-S,1
UB11-0024-P,1
UB11-0027-P,1
UB11-0028-P,1
UB11-0029-P,1
UB11-0030-S,1
UB11-0031-P,1
UB11-0032-S,1
UB11-0033-S,1
UB11-0034-S,1
UB11-0035-S,1
UB11-0036-S,1
UB11-0037-S,1
UB11-0038-S,1
UB11-0039-S,1
UB11-0040-S,1
UB11-0047-P,1
UB11-0057-P,1
UB11-0058-P,1
UB11-0059-S,1
UB11-0062-S,1
UB11-0071-P,1
UB11-0074-P,1
UB11-0091-P,1
UB11-0098-P,1
UB11-0099-P,1
UB11-0105-S,1
UB11-0106-S,1
UB11-0114-S,1
UB11-0115-S,1
UB11-0116-P,1
UB11-0122-S,1
UB11-0124-P,1
UB11-0147-S,1
UB11-0148-P,1
UB11-0181-P,1
UB11-0190-P,1
UB11-0191-P,1
UB11-0197-S,1
UB11-0198-S,1
UB11-0199-P,1
UB11-0200-P,1
UB11-0201-S,1
UB11-0202-P,1
UB11-0203-P,1
UB11-0205-P,1
UB11-0210-S,1
UB11-0212-S,1
UB11-0213-S,1
UB11-0217-S,1
UB11-0224-P,1
UB11-0238-P,1
UB11-0242-P,1
UB11-0252-P,1
UB11-0276-S,1
UB11-0280-S,1
UB11-0307-S,1
UB11-0327-S,1
UB11-0357-P,1
UB11-0382-S,1
UB11-0383-S,1
UB11-0433-S,1
UB11-0434-S,1
UB11-0435-S,1
UB11-0438-S,1
UB11-0450-P,1
UB11-0451-P,1
UB11-0452-P,1
UB11-0453-P,1
UB11-0457-S,1
UB11-0459-S,1
UB11-0535-S,1
UB11-0605-S,1
UB11-0634-P,1
UB11-0669-P,1
UB11-0821-S,1
UB11-0898-S,1
UB11-0940-S,1
UB11-1093-P,1
UB11-1121-S,1
UB11-1122-S,1
UB11-1139-S,1
UB11-1528-S,1
UB11-1529-S,1
UB11-1530-S,1
UB11-1671-P,1
UB11-1685-P,1
UB11-1712-P,1
UB11-1733-P,1
UB11-1922-S,1
UB11-2062-S,1
UB11-2081-S,1
UB11-2241-P,1
UB11-2284-S,1
UB11-2466-S,1
UB11-2476-S,1
UB11-2491-S,1
UB11-2530-S,1
UB11-3032-P,1
UB11-3033-P,1
UB11-3034-P,1
UB11-3036-P,1
UB11-3037-S,1
UB11-3038-P,1
UB11-3039-S,1
UB11-3040-S,1
UB11-3041-S,1
UB11-3042-S,1
UB11-3043-S,1
UB11-3102-S,1
UB11-6697-P,1
UB12-0002-P,1
UB12-0003-P,1
UB12-0004-P,1
UB12-0005-P,1
UB12-0006-P,1
UB12-0008-P,1
UB12-0010-S,1
UB12-0011-S,1
UB12-0012-S,1
UB12-0013-S,1
UB12-0014-S,1
UB12-0015-S,1
UB12-0033-S,1
UB12-0041-P,1
UB12-0086-S,1
UB12-0124-P,1
UB12-0134-S,1
UB12-0135-S,1
UB12-0136-S,1
UB12-0137-S,1
UB12-0138-S,1
UB12-0158-P,1
UB12-0159-P,1
UB12-0160-P,1
UB12-0161-P,1
UB12-0162-P,1
UB12-0246-S,1
UB12-0299-S,1
UB12-2112-P,1
UB13-0002-P,1
UB13-0003-P,1
UB13-0004-P,1
UB13-0005-P,1
UB13-0006-P,1
UB13-0008-P,1
UB13-0009-S,1
UB13-0010-S,1
UB13-0011-S,1
UB13-0012-S,1
UB13-0013-S,1
UB13-0015-S,1
UB13-0024-S,1
UB13-0032-S,1
UB13-0033-S,1
UB13-0067-S,1
UB13-0089-S,1
UB13-0098-P,1
UB13-0105-P,1
UB13-0141-P,1
UB13-0142-P,1
UB13-0143-S,1
UB13-0144-S,1
UB13-0145-S,1
UB13-0168-P,1
UB13-0175-P,1
UB13-0180-S,1
UB13-0200-S,1
UB13-0345-S,1
UB13-0346-P,1
UB13-0381-P,1
UB13-0633-S,1
UB13-0784-S,1
UB13-0798-P,1
UB13-0802-P,1
UB13-0803-P,1
UB13-0806-P,1
UB13-0808-P,1
UB13-1094-P,1
UB13-2411-S,1
UB13-3214-S,1
UB14-0002-P,1
UB14-0003-P,1
UB14-0004-P,1
UB14-0005-P,1
UB14-0007-S,1
UB14-0008-S,1
UB14-0009-S,1
UB14-0010-S,1
UB14-0012-S,1
UB14-0028-P,1
UB14-0030-P,1
UB14-0031-P,1
UB14-0032-P,1
UB14-0033-P,1
UB14-0035-P,1
UB14-0042-S,1
UB14-0043-S,1
UB14-0045-S,1
UB14-0046-S,1
UB14-0047-S,1
UB14-0048-S,1
UB14-0054-S,1
UB14-0064-P,1
UB14-0065-P,1
UB14-0066-P,1
UB14-0067-S,1
UB14-0068-P,1
UB14-0069-P,1
UB14-0070-S,1
UB14-0072-P,1
UB14-0075-P,1
UB14-0121-P,1
UB14-0144-P,1
UB14-0165-P,1
UB14-0168-P,1
UB14-0169-P,1
UB14-0172-S,1
UB14-0173-S,1
UB14-0174-S,1
UB14-0188-P,1
UB14-0189-S,1
UB14-0190-P,1
UB14-0194-P,1
UB14-0196-P,1
UB14-0205-S,1
UB14-0241-S,1
UB14-0268-P,1
UB14-0284-S,1
UB14-0296-S,1
UB14-0334-P,1
UB14-0335-S,1
UB14-0361-P,1
UB14-0368-P,1
UB14-0407-P,1
UB14-0412-P,1
UB14-0441-S,1
UB14-0442-S,1
UB14-0471-P,1
UB14-0472-P,1
UB14-0473-P,1
UB14-0474-S,1
UB14-0475-S,1
UB14-0476-S,1
UB14-0477-S,1
UB14-0478-S,1
UB14-0529-S,1
UB14-0540-S,1
UB14-0578-P,1
UB14-0612-P,1
UB14-0613-P,1
UB14-0616-S,1
UB14-0617-S,1
UB14-0628-S,1
UB14-0704-P,1
UB14-0739-S,1
UB14-0744-P,1
UB14-0757-P,1
UB14-0792-S,1
UB14-0863-S,1
UB14-0864-P,1
UB14-0866-P,1
UB14-0878-P,1
UB14-0880-P,1
UB14-1071-S,1
UB14-1093-P,1
UB14-1317-P,1
UB14-1333-S,1
UB14-1613-P,1
UB14-2322-S,1
UB14-2336-S,1
UB14-2457-P,1
UB14-2458-P,1
UB14-2767-P,1
UB14-3483-P,1
UB21-0000-P,1
UB21-0001-P,1
UB21-0003-P,1
UB21-0004-P,1
UB21-0006-P,1
UB21-0007-P,1
UB21-0008-P,1
UB21-0009-P,1
UB21-0010-P,1
UB21-0011-P,1
UB21-0012-P,1
UB21-0013-P,1
UB21-0014-S,1
UB21-0015-P,1
UB21-0016-P,1
UB21-0017-P,1
UB21-0018-S,1
UB21-0020-P,1
UB21-0021-P,1
UB21-0023-P,1
UB21-0024-P,1
UB21-0025-P,1
UB21-0026-S,1
UB21-0027-S,1
UB21-0029-S,1
UB21-0030-S,1
UB21-0031-S,1
UB21-0032-S,1
UB21-0033-S,1
UB21-0034-S,1
UB21-0035-S,1
UB21-0036-S,1
UB21-0038-S,1
UB21-0039-S,1
UB21-0040-S,1
UB21-0042-S,1
UB21-0043-S,1
UB21-0046-S,1
UB21-0047-S,1
UB21-0048-S,1
UB21-0049-S,1
UB21-0050-S,1
UB21-0051-S,1
UB21-0061-P,1
UB21-0075-P,1
UB21-0115-P,1
UB21-0116-P,1
UB21-0119-S,1
UB21-0121-P,1
UB21-0137-P,1
UB21-0138-P,1
UB21-0139-S,1
UB21-0142-S,1
UB21-0144-S,1
UB21-0145-S,1
UB21-0146-S,1
UB21-0147-S,1
UB21-0179-S,1
UB21-0180-P,1
UB21-0181-P,1
UB21-0182-P,1
UB21-0193-P,1
UB21-0249-P,1
UB21-0250-S,1
UB21-0251-S,1
UB21-0252-S,1
UB21-0254-S,1
UB21-0255-S,1
UB21-0256-S,1
UB21-0257-S,1
UB21-0258-S,1
UB21-0259-P,1
UB21-0260-P,1
UB21-0261-P,1
UB21-0262-P,1
UB21-0263-P,1
UB21-0264-P,1
UB21-0265-P,1
UB21-0267-P,1
UB21-0269-P,1
UB21-0270-P,1
UB21-0271-P,1
UB21-0275-S,1
UB21-0277-P,1
UB21-0290-P,1
UB21-0304-P,1
UB21-0305-S,1
UB21-0306-S,1
UB21-0307-P,1
UB21-0324-P,1
UB21-0325-P,1
UB21-0326-P,1
UB21-0327-P,1
UB21-0328-P,1
UB21-0329-S,1
UB21-0330-S,1
UB21-0331-S,1
UB21-0332-S,1
UB21-0333-S,1
UB21-0334-S,1
UB21-0340-P,1
UB21-0355-S,1
UB21-0367-S,1
UB21-0368-S,1
UB21-0551-P,1
UB21-0609-P,1
UB21-0634-P,1
UB21-0650-S,1
UB21-0774-S,1
UB21-0866-P,1
UB21-0885-P,1
UB21-0922-P,1
UB21-0937-P,1
UB21-1021-P,1
UB21-1022-P,1
UB21-1023-S,1
UB21-1026-S,1
UB21-1027-S,1
UB21-1048-P,1
UB21-1070-P,1
UB21-1136-P,1
UB21-1144-P,1
UB21-1315-S,1
UB21-1318-S,1
UB21-1320-P,1
UB21-1321-P,1
UB21-1322-P,1
UB21-1331-P,1
UB21-1531-P,1
UB21-1748-P,1
UB21-3677-P,1
UB21-3694-P,1
UB21-3695-P,1
UB21-3696-P,1
UB22-0002-P,1
UB22-0003-P,1
UB22-0004-P,1
UB22-0005-P,1
UB22-0006-P,1
UB22-0007-P,1
UB22-0008-S,1
UB22-0009-S,1
UB22-0010-S,1
UB22-0011-S,1
UB22-0012-S,1
UB22-0013-S,1
UB22-0040-P,1
UB22-0152-S,1
UB22-0172-P,1
UB22-0174-S,1
UB22-0204-S,1
UB22-0205-S,1
UB22-0206-S,1
UB22-0207-S,1
UB22-0219-P,1
UB22-0221-P,1
UB22-0275-P,1
UB22-0287-P,1
UB22-0288-P,1
UB22-0289-P,1
UB22-0290-P,1
UB22-0296-P,1
UB22-0308-P,1
UB22-0492-P,1
UB22-0493-P,1
UB22-0585-P,1
UB22-0586-P,1
UB22-1012-P,1
UB22-1119-P,1
UB22-1231-P,1
UB22-1233-P,1
UB23-0000-S,1
UB23-0001-S,1
UB23-0002-S,1
UB23-0003-S,1
UB23-0004-S,1
UB23-0018-P,1
UB23-0021-P,1
UB23-0022-P,1
UB23-0023-P,1
UB23-0024-P,1
UB23-0025-P,1
UB23-0026-P,1
UB23-0028-P,1
UB23-0030-P,1
UB23-0031-P,1
UB23-0032-P,1
UB23-0033-S,1
UB23-0036-S,1
UB23-0037-S,1
UB23-0038-P,1
UB23-0039-S,1
UB23-0043-S,1
UB23-0044-S,1
UB23-0045-S,1
UB23-0079-S,1
UB23-0080-S,1
UB23-0084-P,1
UB23-0164-P,1
UB23-0179-S,1
UB23-0215-S,1
UB23-0228-S,1
UB23-0229-P,1
UB23-0231-P,1
UB23-0252-S,1
UB23-0273-P,1
UB23-0292-S,1
UB23-0324-P,1
UB23-0813-P,1
UB23-1155-S,1
UB23-1199-S,1
UB23-1206-S,1
UB23-1336-P,1
UB23-1338-P,1
UB23-1354-S,1
UB23-1793-S,1
UB24-0002-P,1
UB24-0003-P,1
UB24-0005-P,1
UB24-0006-P,1
UB24-0007-P,1
UB24-0008-P,1
UB24-0009-P,1
UB24-0016-S,1
UB24-0017-S,1
UB24-0019-S,1
UB24-0020-S,1
UB24-0021-S,1
UB24-0022-S,1
UB24-0023-S,1
UB24-0040-P,1
UB24-0045-P,1
UB24-0048-P,1
UB24-0054-S,1
UB24-0073-S,1
UB24-0074-P,1
UB24-0078-S,1
UB24-0100-P,1
UB24-0106-P,1
UB24-0112-P,1
UB24-0136-P,1
UB24-0141-P,1
UB24-0154-S,1
UB24-0162-S,1
UB24-0169-P,1
UB24-0207-P,1
UB24-0221-S,1
UB24-0304-P,1
UB24-0307-P,1
UB24-0308-P,1
UB24-0309-P,1
UB24-0343-S,1
UB24-0344-S,1
UB24-0349-S,1
UB24-0350-S,1
UB24-0400-S,1
UB24-0424-P,1
UB24-0433-P,1
UB24-0434-P,1
UB24-0576-S,1
UB24-0923-S,1
UB24-1218-P,1
UB24-1232-P,1
UB24-1269-P,1
UB24-1304-P,1
UB24-1305-P,1
UB24-1353-P,1
UB24-1365-P,1
UB24-1378-P,1
UB24-1393-S,1
UB24-1397-S,1
UB24-1435-S,1
UB24-1581-P,1
UB24-2129-P,1
UB24-2201-P,1
UB24-2271-P,1
UB24-2358-P,1
UB24-4284-S,1
UB31-0000-P,1
UB31-0001-P,1
UB31-0002-S,1
UB31-0004-P,1
UB31-0006-P,1
UB31-0008-P,1
UB31-0009-P,1
UB31-0010-P,1
UB31-0011-P,1
UB31-0012-S,1
UB31-0013-P,1
UB31-0014-P,1
UB31-0015-P,1
UB31-0016-P,1
UB31-0017-S,1
UB31-0018-P,1
UB31-0019-P,1
UB31-0020-P,1
UB31-0021-P,1
UB31-0022-P,1
UB31-0023-S,1
UB31-0024-S,1
UB31-0025-P,1
UB31-0026-P,1
UB31-0027-S,1
UB31-0028-S,1
UB31-0029-S,1
UB31-0030-P,1
UB31-0031-S,1
UB31-0032-S,1
UB31-0034-P,1
UB31-0035-P,1
UB31-0036-S,1
UB31-0037-P,1
UB31-0038-S,1
UB31-0039-S,1
UB31-0041-S,1
UB31-0042-S,1
UB31-0043-S,1
UB31-0044-S,1
UB31-0045-S,1
UB31-0049-S,1
UB31-0050-P,1
UB31-0051-S,1
UB31-0053-S,1
UB31-0058-P,1
UB31-0064-P,1
UB31-0065-P,1
UB31-0066-S,1
UB31-0067-S,1
UB31-0068-S,1
UB31-0069-S,1
UB31-0070-S,1
UB31-0071-S,1
UB31-0072-P,1
UB31-0073-P,1
UB31-0074-S,1
UB31-0075-S,1
UB31-0076-P,1
UB31-0077-P,1
UB31-0078-P,1
UB31-0079-P,1
UB31-0080-S,1
UB31-0082-P,1
UB31-0084-S,1
UB31-0085-S,1
UB31-0086-S,1
UB31-0090-S,1
UB31-0107-S,1
UB31-0125-P,1
UB31-0128-S,1
UB31-0129-S,1
UB31-0130-S,1
UB31-0131-S,1
UB31-0132-P,1
UB31-0133-P,1
UB31-0134-P,1
UB31-0136-P,1
UB31-0137-P,1
UB31-0138-P,1
UB31-0139-P,1
UB31-0140-P,1
UB31-0142-S,1
UB31-0144-S,1
UB31-0145-S,1
UB31-0146-P,1
UB31-0147-P,1
UB31-0149-P,1
UB31-0162-S,1
UB31-0199-P,1
UB31-0207-P,1
UB31-0208-P,1
UB31-0210-P,1
UB31-0211-P,1
UB31-0212-P,1
UB31-0213-S,1
UB31-0215-S,1
UB31-0279-P,1
UB31-0321-S,1
UB31-0322-S,1
UB31-0335-S,1
UB31-0373-P,1
UB31-0440-S,1
UB31-0452-S,1
UB31-0466-C,1
UB31-0475-P,1
UB31-0649-S,1
UB31-0658-S,1
UB31-0726-S,1
UB31-0822-S,1
UB31-0823-S,1
UB31-0857-S,1
UB31-0858-S,1
UB31-0907-S,1
UB31-1216-S,1
UB31-1218-S,1
UB32-0002-P,1
UB32-0003-P,1
UB32-0004-P,1
UB32-0005-P,1
UB32-0006-P,1
UB32-0007-P,1
UB32-0008-S,1
UB32-0009-S,1
UB32-0010-S,1
UB32-0011-S,1
UB32-0012-S,1
UB32-0013-S,1
UB32-0102-P,1
UB32-0104-S,1
UB32-0647-P,1
UB32-0719-P,1
UB32-1160-P,1
UB32-2320-S,1
UB33-0002-P,1
UB33-0003-P,1
UB33-0004-P,1
UB33-0005-P,1
UB33-0006-P,1
UB33-0008-S,1
UB33-0009-S,1
UB33-0010-S,1
UB33-0011-S,1
UB33-0012-S,1
UB33-0024-P,1
UB33-0025-P,1
UB33-0027-S,1
UB33-0028-S,1
UB33-0030-P,1
UB33-0031-S,1
UB33-0216-S,1
UB33-0270-P,1
UB33-0557-P,1
UB33-1835-S,1
UB33-1845-S,1
UB34-0000-P,1
UB34-0001-P,1
UB34-0002-P,1
UB34-0003-P,1
UB34-0004-P,1
UB34-0005-P,1
UB34-0006-P,1
UB34-0007-P,1
UB34-0008-P,1
UB34-0016-S,1
UB34-0017-S,1
UB34-0018-S,1
UB34-0019-S,1
UB34-0020-S,1
UB34-0021-S,1
UB34-0022-S,1
UB34-0023-S,1
UB34-0043-P,1
UB34-0062-P,1
UB34-0086-S,1
UB34-0093-S,1
UB34-0196-S,1
UB34-0316-S,1
UB34-0333-P,1
UB34-0370-P,1
UB34-0391-P,1
UB34-0392-S,1
UB34-0393-S,1
UB34-0414-P,1
UB34-0442-S,1
UB34-0522-S,1
UB34-0570-S,1
UB34-0589-P,1
UB34-0590-S,1
UB34-0600-S,1
UB34-0603-S,1
UB34-0680-S,1
UB34-0719-S,1
UB34-0954-P,1
UB34-0962-S,1
UB34-0963-S,1
UB34-1013-P,1
UB34-1156-P,1
UB34-1396-S,1
UB34-1419-S,1
UB34-2142-P,1
UB34-2143-P,1
UB34-2144-P,1
UB34-2145-P,1
UB34-2146-P,1
UB34-2147-P,1
UB34-2355-S,1
UB34-2466-S,1
UB34-2469-P,1
UB34-2502-S,1
UB34-2523-S,1
UB34-2527-S,1
UB34-2596-S,1
UB34-2799-P,1
UB34-2972-S,1
UB34-3034-S,1
UB34-3035-S,1
UB34-3067-S,1
UB34-3337-S,1
UB34-3529-S,1
UB34-3789-P,1
UB34-5494-S,1
UC11-0000-P,1
UC11-0001-P,1
UC11-0002-S,1
UC11-0007-P,1
UC11-0009-P,1
UC11-0010-P,1
UC11-0011-P,1
UC11-0012-P,1
UC11-0013-P,1
UC11-0014-P,1
UC11-0016-S,1
UC11-0017-P,1
UC11-0018-P,1
UC11-0019-P,1
UC11-0020-P,1
UC11-0022-P,1
UC11-0023-P,1
UC11-0024-P,1
UC11-0025-P,1
UC11-0026-P,1
UC11-0028-S,1
UC11-0029-S,1
UC11-0031-S,1
UC11-0032-S,1
UC11-0034-S,1
UC11-0035-P,1
UC11-0036-S,1
UC11-0037-S,1
UC11-0039-S,1
UC11-0040-S,1
UC11-0044-S,1
UC11-0045-S,1
UC11-0046-S,1
UC11-0047-S,1
UC11-0048-S,1
UC11-0049-S,1
UC11-0050-S,1
UC11-0051-S,1
UC11-0052-S,1
UC11-0053-S,1
UC11-0054-S,1
UC11-0055-S,1
UC11-0072-P,1
UC11-0079-P,1
UC11-0080-S,1
UC11-0081-P,1
UC11-0083-P,1
UC11-0106-S,1
UC11-0107-S,1
UC11-0127-P,1
UC11-0136-S,1
UC11-0157-P,1
UC11-0166-P,1
UC11-0193-P,1
UC11-0217-S,1
UC11-0233-S,1
UC11-0241-P,1
UC11-0279-P,1
UC11-0283-P,1
UC11-0287-P,1
UC11-0288-P,1
UC11-0290-S,1
UC11-0291-S,1
UC11-0317-P,1
UC11-0350-P,1
UC11-0461-S,1
UC11-0475-P,1
UC11-0479-S,1
UC11-0484-S,1
UC11-0512-P,1
UC11-0522-P,1
UC11-0604-S,1
UC11-0647-S,1
UC11-0670-S,1
UC11-0671-S,1
UC11-0676-S,1
UC11-0677-P,1
UC11-0678-P,1
UC11-0773-S,1
UC11-0776-S,1
UC11-0805-P,1
UC11-0817-S,1
UC11-0873-S,1
UC11-0935-P,1
UC11-0937-S,1
UC11-0939-P,1
UC11-0946-P,1
UC11-0949-S,1
UC11-0953-S,1
UC11-0960-P,1
UC11-1257-P,1
UC11-1311-P,1
UC11-1312-P,1
UC11-1314-P,1
UC11-1470-S,1
UC11-1683-S,1
UC11-1766-S,1
UC11-2148-S,1
UC11-2363-S,1
UC11-2507-P,1
UC11-2551-S,1
UC11-2999-S,1
UC11-3014-P,1
UC11-3159-P,1
UC11-3426-S,1
UC11-3885-S,1
UC11-3945-P,1
UC11-4581-S,1
UC11-4882-S,1
UC11-6955-P,1
UC12-0000-S,1
UC12-0002-P,1
UC12-0003-P,1
UC12-0004-P,1
UC12-0005-P,1
UC12-0006-P,1
UC12-0007-S,1
UC12-0008-S,1
UC12-0009-S,1
UC12-0010-S,1
UC12-0011-S,1
UC12-0239-S,1
UC12-0364-P,1
UC12-0395-P,1
UC12-0396-S,1
UC12-0500-P,1
UC12-0501-P,1
UC12-0502-S,1
UC12-0983-P,1
UC12-1065-P,1
UC12-1080-P,1
UC12-1165-P,1
UC12-1199-P,1
UC12-1206-P,1
UC12-1230-P,1
UC12-1241-P,1
UC12-1651-S,1
UC12-1731-S,1
UC12-1732-S,1
UC12-1822-P,1
UC12-1881-S,1
UC12-2007-P,1
UC12-2008-P,1
UC12-2010-P,1
UC12-2031-P,1
UC12-2044-P,1
UC12-2045-P,1
UC12-2046-P,1
UC12-2183-S,1
UC12-2202-S,1
UC12-2895-P,1
UC12-3900-P,1
UC12-4499-S,1
UC12-4500-P,1
UC12-5517-P,1
UC12-5536-P,1
UC12-5840-P,1
UC12-5905-P,1
UC12-5910-P,1
UC12-5911-S,1
UC21-0002-P,1
UC21-0005-P,1
UC21-0006-P,1
UC21-0007-P,1
UC21-0008-P,1
UC21-0027-S,1
UC21-0043-S,1
UC21-0046-S,1
UC21-0047-S,1
UC21-0049-S,1
UC21-0050-S,1
UC21-0052-P,1
UC21-0055-S,1
UC21-0056-S,1
UC21-0057-P,1
UC21-0058-S,1
UC21-0059-P,1
UC21-0068-P,1
UC21-0078-P,1
UC21-0079-P,1
UC21-0080-S,1
UC21-0082-S,1
UC21-0083-S,1
UC21-0084-S,1
UC21-0085-S,1
UC21-0086-S,1
UC21-0088-S,1
UC21-0089-S,1
UC21-0091-S,1
UC21-0095-S,1
UC21-0096-S,1
UC21-0099-S,1
UC21-0101-S,1
UC21-0102-S,1
UC21-0103-S,1
UC21-0104-S,1
UC21-0105-S,1
UC21-0131-S,1
UC21-0147-P,1
UC21-0157-P,1
UC21-0172-P,1
UC21-0173-P,1
UC21-0175-S,1
UC21-0176-S,1
UC21-0177-S,1
UC21-0186-P,1
UC21-0187-P,1
UC21-0189-P,1
UC21-0199-P,1
UC21-0203-P,1
UC21-0206-P,1
UC21-0207-S,1
UC21-0208-S,1
UC21-0209-S,1
UC21-0210-P,1
UC21-0211-P,1
UC21-0212-P,1
UC21-0218-P,1
UC21-0228-P,1
UC21-0232-P,1
UC21-0237-P,1
UC21-0238-S,1
UC21-0243-S,1
UC21-0245-S,1
UC21-0251-P,1
UC21-0291-P,1
UC21-0315-P,1
UC21-0317-S,1
UC21-0336-S,1
UC21-0337-P,1
UC21-0346-P,1
UC21-0347-S,1
UC21-0354-S,1
UC21-0355-S,1
UC21-0357-S,1
UC21-0358-S,1
UC21-0383-P,1
UC21-0384-P,1
UC21-0427-S,1
UC21-0470-P,1
UC21-0498-P,1
UC21-0510-P,1
UC21-0513-P,1
UC21-0554-P,1
UC21-0557-P,1
UC21-0561-P,1
UC21-0565-P,1
UC21-0566-P,1
UC21-0567-P,1
UC21-0568-P,1
UC21-0569-P,1
UC21-0570-P,1
UC21-0571-P,1
UC21-0572-P,1
UC21-0573-P,1
UC21-0574-P,1
UC21-0575-P,1
UC21-0576-P,1
UC21-0577-S,1
UC21-0579-S,1
UC21-0581-S,1
UC21-0583-S,1
UC21-0585-S,1
UC21-0588-S,1
UC21-0593-S,1
UC21-0596-S,1
UC21-0597-S,1
UC21-0599-S,1
UC21-0600-S,1
UC21-0601-S,1
UC21-0602-S,1
UC21-0603-S,1
UC21-0608-P,1
UC21-0612-S,1
UC21-0613-S,1
UC21-0614-S,1
UC21-0615-S,1
UC21-0616-S,1
UC21-0617-P,1
UC21-0618-S,1
UC21-0620-P,1
UC21-0624-P,1
UC21-0626-P,1
UC21-0629-P,1
UC21-0631-S,1
UC21-0635-S,1
UC21-0637-S,1
UC21-0640-P,1
UC21-0649-P,1
UC21-0653-P,1
UC21-0660-P,1
UC21-0666-S,1
UC21-1052-P,1
UC21-1247-P,1
UC21-1717-P,1
UC21-1806-S,1
UC21-1816-P,1
UC21-2229-P,1
UC21-2431-P,1
UC21-2750-S,1
UC21-2754-P,1
UC21-2772-P,1
UC21-2905-S,1
UC21-2926-S,1
UC21-3084-P,1
UC21-3603-P,1
UC21-3627-P,1
UC21-3906-P,1
UC21-3907-P,1
UC21-3908-P,1
UC21-3909-P,1
UC21-3911-P,1
UC21-4285-S,1
UC21-4300-P,1
UC21-4301-P,1
UC21-4451-P,1
UC21-4480-S,1
UC21-4489-P,1
UC21-4496-S,1
UC21-4497-P,1
UC21-4501-S,1
UC21-5549-P,1
UC21-5974-S,1
UC21-6203-S,1
UC21-9675-P,1
UC22-0000-P,1
UC22-0001-P,1
UC22-0002-P,1
UC22-0003-P,1
UC22-0004-P,1
UC22-0005-S,1
UC22-0006-S,1
UC22-0007-S,1
UC22-0008-S,1
UC22-0009-S,1
UC22-0011-P,1
UC22-0023-S,1
UC22-0080-S,1
UC22-0226-S,1
UC22-0298-P,1
UC22-0320-P,1
UC22-0365-S,1
UC22-0376-S,1
UC22-0400-P,1
UC22-0491-S,1
UC22-0587-P,1
UC22-0591-S,1
UC22-0961-P,1
UC22-0982-P,1
UC22-1013-P,1
UC22-1183-P,1
UC22-1185-S,1
UC22-1411-P,1
UC22-1413-P,1
UC22-1418-P,1
UC22-1712-P,1
UC22-1877-P,1
UC22-2148-P,1
UC22-2178-P,1
UC22-2208-S,1
UC22-2582-P,1
UC22-2599-P,1
UC22-2917-S,1
UC22-3061-S,1
UC22-3213-S,1
UC22-3257-S,1
UC22-3258-S,1
UC22-3409-P,1
UC22-3410-P,1
UC22-3733-S,1
UC31-0000-P,1
UC31-0001-P,1
UC31-0002-P,1
UC31-0003-P,1
UC31-0004-P,1
UC31-0005-P,1
UC31-0006-P,1
UC31-0007-P,1
UC31-0008-P,1
UC31-0009-P,1
UC31-0010-P,1
UC31-0011-P,1
UC31-0012-P,1
UC31-0015-P,1
UC31-0016-P,1
UC31-0017-P,1
UC31-0019-P,1
UC31-0020-P,1
UC31-0021-P,1
UC31-0022-P,1
UC31-0023-P,1
UC31-0024-P,1
UC31-0025-P,1
UC31-0027-S,1
UC31-0028-S,1
UC31-0029-S,1
UC31-0030-S,1
UC31-0032-S,1
UC31-0033-S,1
UC31-0034-S,1
UC31-0035-S,1
UC31-0038-S,1
UC31-0039-S,1
UC31-0040-P,1
UC31-0043-S,1
UC31-0044-S,1
UC31-0045-S,1
UC31-0046-S,1
UC31-0047-S,1
UC31-0048-S,1
UC31-0049-S,1
UC31-0050-S,1
UC31-0051-S,1
UC31-0052-S,1
UC31-0053-S,1
UC31-0054-P,1
UC31-0071-S,1
UC31-0085-P,1
UC31-0086-S,1
UC31-0091-P,1
UC31-0093-P,1
UC31-0097-S,1
UC31-0159-S,1
UC31-0166-S,1
UC31-0179-S,1
UC31-0180-S,1
UC31-0192-S,1
UC31-0261-S,1
UC31-0262-P,1
UC31-0323-P,1
UC31-0349-P,1
UC31-0413-S,1
UC31-0421-S,1
UC31-0425-P,1
UC31-0428-S,1
UC31-0441-P,1
UC31-0450-P,1
UC31-0490-P,1
UC31-0631-S,1
UC31-0632-P,1
UC31-0723-P,1
UC31-0729-P,1
UC31-0732-P,1
UC31-0761-P,1
UC31-0804-P,1
UC31-0957-P,1
UC31-1016-S,1
UC31-1017-S,1
UC31-1018-S,1
UC31-1019-S,1
UC31-1020-S,1
UC31-1021-S,1
UC31-1022-S,1
UC31-1023-S,1
UC31-1024-P,1
UC31-1025-P,1
UC31-1026-P,1
UC31-1027-P,1
UC31-1028-P,1
UC31-1030-P,1
UC31-1031-P,1
UC31-1032-P,1
UC31-1033-P,1
UC31-1034-S,1
UC31-1035-S,1
UC31-1036-P,1
UC31-1112-P,1
UC31-1132-P,1
UC31-1133-P,1
UC31-1134-S,1
UC31-1141-S,1
UC31-1142-S,1
UC31-1143-S,1
UC31-1146-S,1
UC31-1148-S,1
UC31-1149-S,1
UC31-1150-P,1
UC31-1156-P,1
UC31-1157-P,1
UC31-1159-P,1
UC31-1165-P,1
UC31-1166-S,1
UC31-1191-P,1
UC31-1201-P,1
UC31-1592-S,1
UC31-1661-P,1
UC31-1673-P,1
UC31-1747-S,1
UC31-2145-P,1
UC31-2158-P,1
UC31-2172-S,1
UC31-2490-P,1
UC31-2492-S,1
UC31-2497-S,1
UC31-2498-S,1
UC31-2499-S,1
UC31-2504-S,1
UC31-2657-P,1
UC31-2739-P,1
UC31-2763-P,1
UC31-2771-S,1
UC31-2927-S,1
UC31-2952-P,1
UC31-2953-P,1
UC31-3190-P,1
UC31-3192-P,1
UC31-3506-S,1
UC31-3512-S,1
UC31-3532-P,1
UC31-3794-S,1
UC31-3860-P,1
UC31-4112-P,1
UC31-4121-P,1
UC31-4130-S,1
UC31-4132-P,1
UC31-4144-S,1
UC31-4148-P,1
UC31-4155-P,1
UC31-4374-P,1
UC31-4385-S,1
UC31-4518-P,1
UC31-4542-P,1
UC31-4545-P,1
UC31-4579-P,1
UC31-4632-S,1
UC31-4633-S,1
UC31-4727-S,1
UC31-4784-S,1
UC31-4871-P,1
UC31-4885-P,1
UC31-5015-P,1
UC31-5253-P,1
UC31-5268-P,1
UC31-5295-S,1
UC31-5296-S,1
UC31-5541-P,1
UC31-5714-P,1
UC31-5716-P,1
UC31-5732-P,1
UC31-5743-P,1
UC31-5748-P,1
UC31-6621-S,1
UC31-6625-S,1
UC31-6626-S,1
UC31-6627-S,1
UC31-6736-S,1
UC31-6737-S,1
UC31-6876-P,1
UC31-7344-P,1
UC32-0000-P,1
UC32-0001-P,1
UC32-0002-P,1
UC32-0003-P,1
UC32-0004-P,1
UC32-0005-S,1
UC32-0006-S,1
UC32-0007-S,1
UC32-0008-S,1
UC32-0009-S,1
UC32-0024-S,1
UC32-0058-S,1
UC32-0071-P,1
UC32-0074-S,1
UC32-0232-P,1
UC32-0403-P,1
UC32-1062-S,1
UC32-1111-P,1
UC32-1171-S,1
UC32-1233-P,1
UC32-1600-P,1
UC32-2675-P,1
UC32-2823-S,1
UC32-3038-S,1
UC32-4516-S,1
UD11-0000-P,1
UD11-0001-P,1
UD11-0002-P,1
UD11-0003-P,1
UD11-0005-P,1
UD11-0007-P,1
UD11-0010-P,1
UD11-0011-P,1
UD11-0012-P,1
UD11-0014-P,1
UD11-0017-P,1
UD11-0019-P,1
UD11-0021-P,1
UD11-0023-P,1
UD11-0025-P,1
UD11-0026-P,1
UD11-0027-P,1
UD11-0028-P,1
UD11-0029-P,1
UD11-0030-P,1
UD11-0032-S,1
UD11-0033-S,1
UD11-0034-S,1
UD11-0035-S,1
UD11-0037-S,1
UD11-0039-S,1
UD11-0042-S,1
UD11-0043-S,1
UD11-0044-S,1
UD11-0045-S,1
UD11-0046-S,1
UD11-0049-S,1
UD11-0051-S,1
UD11-0053-S,1
UD11-0055-S,1
UD11-0057-S,1
UD11-0058-S,1
UD11-0059-S,1
UD11-0060-S,1
UD11-0061-S,1
UD11-0062-S,1
UD11-0078-P,1
UD11-0083-S,1
UD11-0086-P,1
UD11-0088-P,1
UD11-0091-P,1
UD11-0093-P,1
UD11-0094-S,1
UD11-0095-P,1
UD11-0096-S,1
UD11-0126-P,1
UD11-0139-P,1
UD11-0141-P,1
UD11-0147-S,1
UD11-0148-S,1
UD11-0154-P,1
UD11-0172-P,1
UD11-0267-P,1
UD11-0371-S,1
UD11-0457-P,1
UD11-0466-S,1
UD11-0717-S,1
UD11-0737-P,1
UD11-0963-S,1
UD11-0966-S,1
UD11-1089-P,1
UD11-1110-P,1
UD11-1216-S,1
UD11-1382-S,1
UD11-1744-S,1
UD11-1813-S,1
UD11-1846-P,1
UD11-1871-P,1
UD11-1878-S,1
UD11-1887-P,1
UD11-1890-S,1
UD11-1919-P,1
UD11-1955-S,1
UD11-2106-P,1
UD11-2108-P,1
UD11-2109-P,1
UD11-2136-P,1
UD11-2185-P,1
UD11-2191-P,1
UD11-2192-P,1
UD11-2193-P,1
UD11-2194-S,1
UD11-2200-S,1
UD11-2202-S,1
UD11-2203-P,1
UD11-2204-S,1
UD11-2380-S,1
UD11-2449-S,1
UD11-2489-S,1
UD11-2490-S,1
UD11-2540-P,1
UD11-2658-S,1
UD11-2684-P,1
UD11-2756-S,1
UD11-2934-P,1
UD11-2938-P,1
UD11-2940-P,1
UD11-2963-P,1
UD11-2966-P,1
UD11-3119-P,1
UD11-3474-S,1
UD11-3571-S,1
UD11-4207-S,1
UD11-4332-S,1
UD11-4333-S,1
UD11-4344-P,1
UD11-4347-P,1
UD11-4402-S,1
UD11-4414-S,1
UD11-4415-S,1
UD11-4536-S,1
UD11-4539-P,1
UD11-4563-S,1
UD11-4609-S,1
UD11-4614-S,1
UD11-4650-P,1
UD11-4884-P,1
UD11-4897-P,1
UD11-4902-P,1
UD11-4908-S,1
UD11-4909-P,1
UD11-4924-S,1
UD11-4926-P,1
UD11-4931-S,1
UD11-4933-S,1
UD11-4960-S,1
UD11-4987-S,1
UD11-4993-P,1
UD11-4997-S,1
UD11-5000-S,1
UD11-5045-P,1
UD11-5637-S,1
UD11-5693-S,1
UD11-5698-P,1
UD11-5737-P,1
UD11-5743-S,1
UD11-5744-S,1
UD11-5749-S,1
UD11-6098-S,1
UD11-6496-S,1
UD11-6711-P,1
UD11-6755-P,1
UD11-6756-S,1
UD11-9041-S,1
UD11-9042-S,1
UD11-9046-S,1
UD11-9047-P,1
UD11-9075-S,1
UD11-9076-S,1
UD12-0000-P,1
UD12-0001-S,1
UD12-0002-P,1
UD12-0003-P,1
UD12-0004-P,1
UD12-0005-P,1
UD12-0006-P,1
UD12-0012-S,1
UD12-0013-S,1
UD12-0014-S,1
UD12-0015-S,1
UD12-0016-S,1
UD12-0119-S,1
UD12-0141-P,1
UD12-0152-P,1
UD12-0263-S,1
UD12-0379-P,1
UD12-0425-S,1
UD12-0438-P,1
UD12-0455-P,1
UD12-0475-P,1
UD12-0802-P,1
UD12-0936-P,1
UD12-1037-P,1
UD12-1212-P,1
UD12-1744-S,1
UD12-1920-S,1
UD12-1922-S,1
UD12-2095-S,1
UD12-2596-S,1
UD12-2669-P,1
UD12-2726-S,1
UD12-2733-S,1
UD12-2740-S,1
UD12-2755-S,1
UD12-2774-S,1
UD12-2850-S,1
UD12-2852-S,1
UD12-2853-S,1
UD12-2854-S,1
UD12-2855-S,1
UD12-2870-S,1
UD12-2889-S,1
UD12-2924-S,1
UD21-0006-P,1
UD21-0007-S,1
UD21-0008-P,1
UD21-0009-S,1
UD21-0010-P,1
UD21-0011-S,1
UD21-0022-P,1
UD21-0023-P,1
UD21-0024-P,1
UD21-0025-P,1
UD21-0026-S,1
UD21-0030-P,1
UD21-0031-S,1
UD21-0033-S,1
UD21-0034-S,1
UD21-0035-P,1
UD21-0036-S,1
UD21-0037-P,1
UD21-0038-S,1
UD21-0039-S,1
UD21-0040-S,1
UD21-0041-S,1
UD21-0045-S,1
UD21-0046-S,1
UD21-0047-S,1
UD21-0049-S,1
UD21-0050-S,1
UD21-0051-S,1
UD21-0054-P,1
UD21-0055-S,1
UD21-0058-P,1
UD21-0059-P,1
UD21-0063-S,1
UD21-0066-P,1
UD21-0067-P,1
UD21-0069-P,1
UD21-0077-S,1
UD21-0097-P,1
UD21-0254-S,1
UD21-0363-P,1
UD21-0365-S,1
UD21-0376-P,1
UD21-0394-P,1
UD21-0396-S,1
UD21-0397-P,1
UD21-0398-S,1
UD21-0399-P,1
UD21-0402-P,1
UD21-0403-P,1
UD21-0405-P,1
UD21-0407-S,1
UD21-0411-S,1
UD21-0413-S,1
UD21-0430-P,1
UD21-0442-P,1
UD21-0450-P,1
UD21-0453-P,1
UD21-0454-S,1
UD21-0463-S,1
UD21-0464-S,1
UD21-0465-S,1
UD21-0466-S,1
UD21-0471-P,1
UD21-0472-P,1
UD21-0473-S,1
UD21-0474-S,1
UD21-0514-P,1
UD21-0515-P,1
UD21-0516-P,1
UD21-0534-P,1
UD21-0578-P,1
UD21-0597-P,1
UD21-0607-P,1
UD21-0608-P,1
UD21-0636-P,1
UD21-1041-P,1
UD21-1144-P,1
UD21-1157-S,1
UD21-1162-C,1
UD21-1470-S,1
UD21-1528-P,1
UD21-1552-S,1
UD21-1553-S,1
UD21-1554-S,1
UD21-1556-S,1
UD21-1557-S,1
UD21-1558-S,1
UD21-1559-S,1
UD21-1560-P,1
UD21-1561-P,1
UD21-1562-P,1
UD21-1563-P,1
UD21-1564-P,1
UD21-1565-P,1
UD21-1566-P,1
UD21-2442-P,1
UD21-6434-S,1
UD22-0003-P,1
UD22-0006-P,1
UD22-0009-P,1
UD22-0011-S,1
UD22-0012-S,1
UD22-0013-S,1
UD22-0014-S,1
UD22-0017-S,1
UD22-0044-S,1
UD22-0053-P,1
UD22-0057-S,1
UD22-0192-S,1
UD22-0233-S,1
UD22-0247-S,1
UD22-0328-S,1
UD22-0441-S,1
UD22-0497-P,1
UD22-0502-P,1
UD22-0503-S,1
UD22-0504-S,1
UD22-0538-P,1
UD22-0557-S,1
UD22-0668-P,1
UD22-0675-S,1
UD22-0701-P,1
UD22-0746-P,1
UD22-0748-S,1
UD22-0749-S,1
UD22-0750-S,1
UD22-0755-S,1
UD22-0765-P,1
UD22-0777-P,1
UD22-0784-P,1
UD22-0954-P,1
UD22-1444-P,1
UD22-1509-P,1
UD22-1510-P,1
UD23-0002-P,1
UD23-0003-P,1
UD23-0004-P,1
UD23-0005-P,1
UD23-0006-P,1
UD23-0007-S,1
UD23-0008-S,1
UD23-0009-S,1
UD23-0010-S,1
UD23-0011-S,1
UD23-0015-S,1
UD23-0026-P,1
UD23-0126-S,1
UD23-0175-P,1
UD23-0282-S,1
UD23-0417-S,1
UD23-0605-S,1
UD23-0887-S,1
UD23-0888-S,1
UD23-0923-S,1
UD23-1012-P,1
UD23-1013-S,1
UD23-1014-S,1
UD23-1017-S,1
UD23-1029-P,1
UD23-1030-P,1
UD23-1034-P,1
UD23-1041-P,1
UD23-1054-S,1
UD23-1061-S,1
UD23-1107-P,1
UD23-1663-P,1
UD23-1694-S,1
UD23-1695-P,1
UD23-1720-P,1
UD23-2163-S,1
UD23-2488-S,1
UD23-3397-S,1
UD23-5575-S,1
UD23-5689-P,1
UD23-5695-P,1
UD31-0000-P,1
UD31-0001-P,1
UD31-0002-P,1
UD31-0003-P,1
UD31-0004-S,1
UD31-0005-P,1
UD31-0006-P,1
UD31-0007-P,1
UD31-0008-P,1
UD31-0010-P,1
UD31-0011-P,1
UD31-0012-P,1
UD31-0013-P,1
UD31-0014-P,1
UD31-0015-P,1
UD31-0016-P,1
UD31-0017-P,1
UD31-0018-P,1
UD31-0019-P,1
UD31-0020-P,1
UD31-0021-P,1
UD31-0023-P,1
UD31-0024-P,1
UD31-0025-P,1
UD31-0026-P,1
UD31-0027-P,1
UD31-0028-P,1
UD31-0029-P,1
UD31-0030-P,1
UD31-0031-P,1
UD31-0032-S,1
UD31-0033-S,1
UD31-0034-S,1
UD31-0035-S,1
UD31-0036-S,1
UD31-0037-S,1
UD31-0038-S,1
UD31-0039-S,1
UD31-0040-S,1
UD31-0042-S,1
UD31-0043-S,1
UD31-0044-P,1
UD31-0045-S,1
UD31-0046-S,1
UD31-0047-S,1
UD31-0048-S,1
UD31-0049-S,1
UD31-0050-S,1
UD31-0051-S,1
UD31-0052-S,1
UD31-0053-S,1
UD31-0054-S,1
UD31-0055-S,1
UD31-0056-S,1
UD31-0057-S,1
UD31-0058-S,1
UD31-0059-S,1
UD31-0060-S,1
UD31-0061-S,1
UD31-0062-S,1
UD31-0063-S,1
UD31-0064-S,1
UD31-0065-S,1
UD31-0066-P,1
UD31-0067-S,1
UD31-0069-P,1
UD31-0070-S,1
UD31-0071-P,1
UD31-0073-P,1
UD31-0088-S,1
UD31-0099-P,1
UD31-0100-S,1
UD31-0101-P,1
UD31-0145-P,1
UD31-0147-S,1
UD31-0156-S,1
UD31-0198-P,1
UD31-0201-S,1
UD31-0202-P,1
UD31-0203-P,1
UD31-0204-S,1
UD31-0205-P,1
UD31-0206-S,1
UD31-0210-P,1
UD31-0211-P,1
UD31-0214-S,1
UD31-0215-S,1
UD31-0331-P,1
UD31-0335-S,1
UD31-0349-S,1
UD31-0351-S,1
UD31-0354-S,1
UD31-0355-S,1
UD31-0356-S,1
UD31-0357-S,1
UD31-0358-S,1
UD31-0359-S,1
UD31-0407-P,1
UD31-0410-S,1
UD31-0411-S,1
UD31-0412-P,1
UD31-0413-P,1
UD31-0444-S,1
UD31-0447-S,1
UD31-0448-P,1
UD31-0450-P,1
UD31-0467-S,1
UD31-0470-S,1
UD31-0487-P,1
UD31-0494-S,1
UD31-0497-P,1
UD31-0498-P,1
UD31-0505-P,1
UD31-0508-P,1
UD31-0510-S,1
UD31-0511-P,1
UD31-0512-P,1
UD31-0513-S,1
UD31-0515-P,1
UD31-0516-P,1
UD31-0518-S,1
UD31-0520-S,1
UD31-0522-S,1
UD31-0523-S,1
UD31-0525-S,1
UD31-0529-P,1
UD31-0613-P,1
UD31-0620-P,1
UD31-0621-P,1
UD31-0622-P,1
UD31-0623-P,1
UD31-0624-P,1
UD31-0625-P,1
UD31-0626-S,1
UD31-0629-S,1
UD31-0630-S,1
UD31-0634-S,1
UD31-0635-S,1
UD31-0712-S,1
UD31-0722-S,1
UD31-0750-S,1
UD31-0778-S,1
UD31-0791-S,1
UD31-0894-S,1
UD31-0918-S,1
UD31-0978-S,1
UD31-1003-S,1
UD31-1167-S,1
UD31-1588-S,1
UD31-1589-S,1
UD31-1590-S,1
UD31-2224-S,1
UD31-2225-S,1
UD31-2226-S,1
UD31-2227-S,1
UD32-0002-P,1
UD32-0003-P,1
UD32-0004-P,1
UD32-0005-P,1
UD32-0006-P,1
UD32-0007-S,1
UD32-0008-S,1
UD32-0009-S,1
UD32-0010-S,1
UD32-0011-S,1
UD32-0016-P,1
UD32-0023-S,1
UD32-0027-S,1
UD32-0037-S,1
UD32-0084-S,1
UD32-0285-P,1
UD32-0286-P,1
UD32-0699-S,1
UD32-0742-S,1
UD32-1409-S,1
UD32-1410-S,1
UD32-1494-P,1
UD32-2093-S,1
UD32-2190-S,1
UD32-2638-S,1
UD32-4886-S,1
UD32-5107-S,1
UD32-5205-S,1
UD32-5208-S,1
UD41-0003-P,1
UD41-0014-P,1
UD41-0025-S,1
UD41-0026-P,1
UD41-0027-P,1
UD41-0028-P,1
UD41-0029-P,1
UD41-0030-S,1
UD41-0031-P,1
UD41-0032-P,1
UD41-0033-P,1
UD41-0034-P,1
UD41-0036-P,1
UD41-0037-S,1
UD41-0038-S,1
UD41-0041-S,1
UD41-0042-S,1
UD41-0043-S,1
UD41-0044-S,1
UD41-0052-S,1
UD41-0055-P,1
UD41-0062-S,1
UD41-0064-P,1
UD41-0065-S,1
UD41-0071-S,1
UD41-0072-S,1
UD41-0108-P,1
UD41-0122-P,1
UD41-0123-P,1
UD41-0148-S,1
UD41-0171-P,1
UD41-0176-P,1
UD41-0177-P,1
UD41-0178-S,1
UD41-0185-P,1
UD41-0188-P,1
UD41-0195-P,1
UD41-0196-P,1
UD41-0197-P,1
UD41-0207-S,1
UD41-0218-S,1
UD41-0416-S,1
UD41-0427-S,1
UD41-0451-P,1
UD41-0471-S,1
UD41-0503-S,1
UD41-0512-P,1
UD41-0516-P,1
UD41-0522-S,1
UD41-0543-P,1
UD41-0604-S,1
UD41-0606-S,1
UD41-0609-P,1
UD41-0610-S,1
UD41-0616-S,1
UD41-0621-S,1
UD41-0625-S,1
UD41-0639-S,1
UD41-0692-P,1
UD41-0700-S,1
UD41-0739-P,1
UD41-0759-P,1
UD41-0760-P,1
UD41-0781-S,1
UD41-0838-P,1
UD41-0842-P,1
UD41-0843-P,1
UD41-0844-P,1
UD41-0911-P,1
UD41-0968-P,1
UD41-0983-P,1
UD41-0984-P,1
UD41-0988-P,1
UD41-0991-S,1
UD41-0996-S,1
UD41-0997-P,1
UD41-1026-P,1
UD41-1266-S,1
UD41-1300-S,1
UD41-1301-S,1
UD41-1302-S,1
UD41-1303-S,1
UD41-1305-S,1
UD41-1306-S,1
UD41-1362-S,1
UD41-1365-S,1
UD41-1375-S,1
UD41-1384-S,1
UD41-1385-S,1
UD41-1405-S,1
UD41-1406-S,1
UD41-1409-S,1
UD41-1460-P,1
UD41-1461-P,1
UD41-1467-P,1
UD41-1473-P,1
UD41-1477-P,1
UD41-1688-S,1
UD41-1689-S,1
UD41-1690-S,1
UD41-1902-S,1
UD41-1913-S,1
UD41-1996-S,1
UD41-3633-S,1
UD42-0002-P,1
UD42-0003-P,1
UD42-0004-P,1
UD42-0005-P,1
UD42-0007-S,1
UD42-0008-S,1
UD42-0009-S,1
UD42-0010-S,1
UD42-0019-P,1
UD42-0026-S,1
UD42-0033-P,1
UD42-0038-P,1
UD42-0039-S,1
UD42-0045-P,1
UD42-0046-P,1
UD42-0047-P,1
UD42-0048-P,1
UD42-0049-P,1
UD42-0050-S,1
UD42-0051-S,1
UD42-0052-S,1
UD42-0054-S,1
UD42-0055-S,1
UD42-0056-S,1
UD42-0284-P,1
UD42-0345-P,1
UD42-0350-P,1
UD42-0370-S,1
UD42-0388-P,1
UD42-0405-P,1
UD42-0423-P,1
UD42-0483-S,1
UD42-0490-S,1
UD42-0495-P,1
UD42-0507-P,1
UD42-0579-S,1
UD42-0602-S,1
UD42-0636-P,1
UD42-0779-S,1
UD42-0908-S,1
UD42-0913-S,1
UD42-0972-P,1
UD42-0976-P,1
UD42-0982-P,1
UD42-0983-P,1
UD42-0994-S,1
UD42-1041-S,1
UD42-1058-S,1
UD42-1070-S,1
UD42-1074-P,1
UD42-1196-P,1
UD42-1275-P,1
UD42-1321-P,1
UD42-1323-P,1
UD42-1325-P,1
UD42-1342-S,1
UD42-1391-S,1
UD42-1436-P,1
UD42-1804-S,1
UD42-1810-S,1
UD42-1817-P,1
UD42-1820-P,1
UD42-1822-P,1
UD42-1825-P,1
UD42-1849-S,1
UD42-1855-S,1
UD42-1860-S,1
UD42-1870-S,1
UD42-1915-S,1
UD42-1948-P,1
UD42-2358-P,1
UD42-2603-P,1
UD42-2605-P,1
UD42-2608-P,1
UD42-2610-S,1
UD42-2623-S,1
UD42-2624-S,1
UD42-2625-S,1
UD42-2863-S,1
UD42-2865-S,1
UD42-3395-P,1
UD42-3396-P,1
UD42-5243-P,1
UD42-5244-S,1
UD42-5245-S,1
UD42-5246-S,1
UD42-5247-S,1
UE21-0004-P,1
UE21-0005-P,1
UE21-0006-P,1
UE21-0009-P,1
UE21-0022-S,1
UE21-0023-S,1
UE21-0024-S,1
UE21-0025-S,1
UE21-0027-S,1
UE21-0044-S,1
UE21-0091-S,1
UE21-0238-P,1
UE21-0467-P,1
UE21-0468-P,1
UE21-0912-P,1
UE21-0969-P,1
UE21-1561-S,1
UE21-1620-P,1
UE21-1621-P,1
UE21-2240-P,1
UE21-2247-P,1
UE21-2248-P,1
UE21-2251-P,1
UE21-2280-P,1
UE21-2281-P,1
UE21-2283-S,1
UE21-2286-S,1
UE21-2308-S,1
UE21-2309-S,1
UE21-2310-S,1
UE21-2311-S,1
UE21-2430-P,1
UE21-2756-P,1
UE21-3369-P,1
UE21-3462-S,1
UE21-3480-S,1
UE21-3489-P,1
UE21-3566-S,1
UE21-3746-S,1
UE21-4121-S,1
UE31-0003-P,1
UE31-0004-P,1
UE31-0005-P,1
UE31-0006-P,1
UE31-0019-S,1
UE31-0020-S,1
UE31-0021-S,1
UE31-0022-S,1
UE31-0024-S,1
UE31-0052-S,1
UE31-0078-S,1
UE31-0222-P,1
UE31-0223-P,1
UE31-0241-S,1
UE31-0242-S,1
UE31-0357-S,1
UE31-0390-S,1
UE31-0393-S,1
UE31-0532-S,1
UE31-0547-S,1
UE31-0676-S,1
UE31-0677-S,1
UE31-0743-P,1
UE31-0744-P,1
UE31-0750-P,1
UE31-0838-P,1
UE31-0978-S,1
UE31-0997-S,1
UE31-1146-S,1
UE31-1148-S,1
UE31-1164-S,1
UE31-1301-P,1
UE31-1309-P,1
UE31-1352-S,1
UE31-1353-P,1
UE31-1359-S,1
UE31-1444-S,1
UE31-1642-P,1
UE31-1943-S,1
UE31-1944-S,1
UE31-1976-S,1
UE31-1977-S,1
UE31-1978-S,1
UE31-1979-S,1
UE31-2553-S,1
UF11-0002-P,1
UF11-0003-P,1
UF11-0004-P,1
UF11-0005-P,1
UF11-0006-P,1
UF11-0007-P,1
UF11-0008-P,1
UF11-0009-P,1
UF11-0015-P,1
UF11-0019-S,1
UF11-0020-S,1
UF11-0021-S,1
UF11-0022-S,1
UF11-0023-S,1
UF11-0024-S,1
UF11-0025-S,1
UF11-0026-S,1
UF11-0027-S,1
UF11-0048-P,1
UF11-0052-S,1
UF11-0054-S,1
UF11-0098-P,1
UF11-0101-S,1
UF11-0111-P,1
UF11-0137-S,1
UF11-0149-P,1
UF11-0151-S,1
UF11-0172-S,1
UF11-0201-P,1
UF11-0237-P,1
UF11-0256-P,1
UF11-0264-S,1
UF11-0265-S,1
UF11-0274-S,1
UF11-0281-S,1
UF11-0286-S,1
UF11-0304-S,1
UF11-0357-P,1
UF11-0370-S,1
UF11-0376-S,1
UF11-0377-S,1
UF11-0378-S,1
UF11-0379-S,1
UF11-0516-P,1
UF11-0641-P,1
UF11-0772-S,1
UF11-0966-S,1
UF11-1129-P,1
UF11-1251-S,1
UF11-1408-S,1
UF11-1435-S,1
UF11-1446-S,1
UF11-1540-S,1
UF11-1545-S,1
UF11-1564-P,1
UF11-2330-S,1
UF11-2343-S,1
UF11-2863-S,1
UF11-3047-P,1
UF11-3180-S,1
UF11-3187-S,1
UF11-3303-S,1
UF11-3583-P,1
UF11-3846-P,1
UF11-3992-P,1
UF11-4154-P,1
UF11-4165-P,1
UF11-4337-P,1
UF11-4338-P,1
UF11-4339-P,1
UF11-4340-P,1
UF11-4341-P,1
UF11-4342-P,1
UF11-4543-S,1
UF11-4545-S,1
UF11-4959-P,1
UF11-4962-P,1
UF11-4978-P,1
UF11-4984-P,1
UF11-4993-P,1
UF11-4995-P,1
UF11-5004-P,1
UF11-5005-P,1
UF11-5124-S,1
UF11-6212-S,1
UF11-6729-P,1
UF11-6824-P,1
UF11-6849-P,1
UF11-6850-P,1
UF11-6851-P,1
UG11-0007-P,1
UG11-0032-S,1
UG11-0043-S,1
UG11-0062-P,1
UG11-0063-P,1
UG11-0064-P,1
UG11-0065-P,1
UG11-0066-P,1
UG11-0067-P,1
UG11-0068-P,1
UG11-0069-P,1
UG11-0070-P,1
UG11-0071-P,1
UG11-0072-P,1
UG11-0074-P,1
UG11-0075-P,1
UG11-0076-P,1
UG11-0077-P,1
UG11-0079-P,1
UG11-0080-P,1
UG11-0091-S,1
UG11-0093-S,1
UG11-0094-S,1
UG11-0095-S,1
UG11-0096-S,1
UG11-0097-S,1
UG11-0098-S,1
UG11-0099-S,1
UG11-0100-S,1
UG11-0102-S,1
UG11-0104-S,1
UG11-0105-S,1
UG11-0106-S,1
UG11-0107-S,1
UG11-0108-S,1
UG11-0109-S,1
UG11-0207-S,1
UG11-0213-S,1
UG11-0230-P,1
UG11-0235-S,1
UG11-0241-S,1
UG11-0245-P,1
UG11-0336-S,1
UG11-0338-S,1
UG11-0346-S,1
UG11-0352-S,1
UG11-0418-S,1
UG11-0464-P,1
UG11-0471-P,1
UG11-0472-P,1
UG11-0474-P,1
UG11-0476-P,1
UG11-0481-P,1
UG11-0482-P,1
UG11-0484-P,1
UG11-0486-P,1
UG11-0492-P,1
UG11-0493-P,1
UG11-0495-P,1
UG11-0497-P,1
UG11-0499-P,1
UG11-0500-P,1
UG11-0514-S,1
UG11-0525-S,1
UG11-0529-S,1
UG11-0531-S,1
UG11-0532-S,1
UG11-0537-S,1
UG11-0538-S,1
UG11-0539-S,1
UG11-0547-S,1
UG11-0548-S,1
UG11-0549-S,1
UG11-0550-S,1
UG11-0552-S,1
UG11-0553-S,1
UG11-0554-S,1
UG11-0715-S,1
UG11-0721-P,1
UG11-0796-S,1
UG11-0801-S,1
UG11-0802-S,1
UG11-1705-S,1
UG11-1872-S,1
UG11-1873-S,1
UG11-1874-P,1
UG11-1984-P,1
UG11-1985-P,1
UG11-1986-P,1
UG11-1987-S,1
UG11-1989-P,1
UG11-2017-S,1
UG11-2374-P,1
UG21-0008-P,1
UG21-0020-P,1
UG21-0028-S,1
UG21-0029-S,1
UG21-0109-P,1
UG21-0110-P,1
UG21-0115-S,1
UG21-0116-S,1
UG21-0118-S,1
UG21-0119-S,1
UG21-0120-S,1
UG21-0121-S,1
UG21-0123-P,1
UG21-0134-P,1
UG21-0135-P,1
UG21-0136-P,1
UG21-0139-P,1
UG21-0509-P,1
UG21-0512-S,1
UG21-0581-P,1
UG21-0582-P,1
UG21-0586-P,1
UG21-0587-P,1
UG21-0588-P,1
UG21-0589-P,1
UG21-0590-P,1
UG21-0591-P,1
UG21-0593-P,1
UG21-0594-P,1
UG21-0596-P,1
UG21-0597-P,1
UG21-0601-P,1
UG21-0606-S,1
UG21-0607-S,1
UG21-0609-S,1
UG21-0610-S,1
UG21-0612-S,1
UG21-0613-S,1
UG21-0616-S,1
UG21-0617-S,1
UG21-0618-S,1
UG21-0619-S,1
UG21-0620-S,1
UG21-0621-S,1
UG21-0622-S,1
UG22-0000-P,1
UG22-0002-P,1
UG22-0003-P,1
UG22-0004-P,1
UG22-0005-P,1
UG22-0006-P,1
UG22-0013-S,1
UG22-0014-S,1
UG22-0015-S,1
UG22-0016-S,1
UG22-0017-S,1
UG22-0019-P,1
UG22-0021-S,1
UG22-0025-S,1
UG22-0026-S,1
UG22-0027-P,1
UG22-0029-P,1
UG22-0030-P,1
UG22-0031-S,1
UG22-0034-P,1
UG22-0035-P,1
UG22-0040-S,1
UG22-0047-S,1
UG22-0122-P,1
UG22-0131-P,1
UG22-0149-P,1
UG22-0188-S,1
UG22-0198-S,1
UG22-0217-P,1
UG22-0226-P,1
UG22-0325-P,1
UG22-0326-P,1
UG22-0339-P,1
UG22-0340-P,1
UG22-0362-P,1
UG22-0411-P,1
UG22-0432-S,1
UG22-0434-S,1
UG22-0466-S,1
UG22-0505-S,1
UG22-0514-S,1
UG22-0553-S,1
UG22-0557-P,1
UG22-0559-P,1
UG22-0596-P,1
UG22-0606-P,1
UG22-0637-P,1
UG22-0699-S,1
UG22-0730-S,1
UG22-0733-S,1
UG22-0734-S,1
UG22-0735-S,1
UG22-0736-S,1
UG22-0995-S,1
UG22-1022-S,1
UG22-1026-P,1
UG22-1042-S,1
UG22-1112-P,1
UG22-1114-P,1
UG22-1127-P,1
UG22-1133-P,1
UG22-1137-P,1
UG22-1144-P,1
UG22-1145-P,1
UG22-1150-P,1
UG22-1151-P,1
UG22-1152-P,1
UG22-1153-P,1
UG22-1154-P,1
UG22-1155-P,1
UG22-1156-P,1
UG22-1157-P,1
UG22-1158-P,1
UG22-1159-S,1
UG22-1160-P,1
UG22-1161-P,1
UG22-1162-P,1
UG22-1163-P,1
UG22-1164-P,1
UG22-1165-P,1
UG22-1178-P,1
UG22-1183-S,1
UG22-1187-P,1
UG22-1216-S,1
UG22-1236-S,1
UG22-1266-P,1
UG22-1296-S,1
UG22-1297-S,1
UG22-1301-S,1
UG22-1302-S,1
UG22-1313-S,1
UG22-1314-S,1
UG22-1315-S,1
UG22-1322-S,1
UG22-1323-S,1
UG22-1326-S,1
UG22-1327-S,1
UG22-1328-S,1
UG22-1329-S,1
UG22-1330-S,1
UG22-1408-S,1
UG22-1409-S,1
UG22-1572-S,1
UG22-1573-S,1
UG22-1575-S,1
UG22-1576-S,1
UG22-1577-S,1
UG22-1578-S,1
UG22-1639-S,1
UG22-1668-S,1
UG22-1677-S,1
UG22-1717-S,1
UG22-1720-P,1
UG22-1721-P,1
UG22-1725-S,1
UG22-1748-P,1
UG22-1753-S,1
UG22-1756-S,1
UG22-1759-S,1
UG22-1760-S,1
UG22-1761-S,1
UG22-1762-S,1
UG22-1763-S,1
UG22-1764-S,1
UG22-1765-S,1
UG22-1766-S,1
UG22-1769-S,1
UG22-1770-S,1
UG22-1784-S,1
UG22-1790-P,1
UG22-1997-P,1
UG22-2000-S,1
UG22-2956-S,1
UG22-3442-S,1
UG22-3443-S,1
UG22-3467-S,1
UG22-3471-S,1
UG22-3481-P,1
UG22-3482-P,1
UG22-3483-P,1
UG22-3484-P,1
UG22-3485-P,1
UG22-3486-P,1
UG22-3487-P,1
UG22-3488-P,1
UG22-3489-P,1
UG22-3490-P,1
UG22-3491-P,1
UG22-3492-P,1
UG22-3497-S,1
UG22-3499-S,1
UG22-3542-P,1
UG22-3549-P,1
UG22-3550-P,1
UG22-3551-P,1
UG22-3552-P,1
UG22-3553-P,1
UG22-3554-P,1
UG22-3555-P,1
UG22-3566-P,1
UG22-3572-S,1
UG22-3575-P,1
UG22-3576-P,1
UG22-3577-P,1
UG31-0002-P,1
UG31-0004-P,1
UG31-0005-P,1
UG31-0006-P,1
UG31-0007-P,1
UG31-0010-P,1
UG31-0014-P,1
UG31-0015-P,1
UG31-0016-P,1
UG31-0018-P,1
UG31-0019-P,1
UG31-0021-P,1
UG31-0025-P,1
UG31-0026-P,1
UG31-0028-P,1
UG31-0029-P,1
UG31-0032-P,1
UG31-0033-P,1
UG31-0034-P,1
UG31-0035-P,1
UG31-0037-P,1
UG31-0040-P,1
UG31-0041-P,1
UG31-0042-P,1
UG31-0043-P,1
UG31-0044-P,1
UG31-0045-P,1
UG31-0046-P,1
UG31-0047-P,1
UG31-0048-P,1
UG31-0049-P,1
UG31-0051-P,1
UG31-0052-P,1
UG31-0055-P,1
UG31-0063-P,1
UG31-0064-P,1
UG31-0072-P,1
UG31-0075-P,1
UG31-0076-P,1
UG31-0086-P,1
UG31-0099-P,1
UG31-0103-P,1
UG31-0111-P,1
UG31-0123-P,1
UG31-0128-P,1
UG31-0140-P,1
UG31-0160-P,1
UG31-0165-P,1
UG31-0190-P,1
UG31-0202-P,1
UG31-0228-P,1
UG31-0237-P,1
UG31-0266-P,1
UG31-0269-P,1
UG31-0280-P,1
UG31-0282-P,1
UG31-0324-P,1
UG31-0369-P,1
UG31-0433-P,1
UG31-0542-P,1
UG31-0578-P,1
UG31-0592-P,1
UG31-0668-P,1
UG31-0684-P,1
UG31-0809-P,1
UG31-0845-P,1
UG31-0948-P,1
UG31-0981-P,1
UG31-0983-P,1
UG31-0989-P,1
UG31-0997-P,1
UG31-1000-P,1
UG31-1006-P,1
UG31-1010-P,1
UG31-1015-P,1
UG31-1022-P,1
UG31-1035-P,1
UG31-1066-P,1
UG31-1068-P,1
UG31-1651-P,1
UG31-1657-P,1
UG31-1725-P,1
UG31-1741-P,1
UG31-2128-P,1
UG31-2830-P,1
UG31-2832-P,1
UG31-2833-P,1
UG31-2836-P,1
UG31-2917-P,1
UG31-2918-P,1
UG31-2919-P,1
UG31-2920-P,1
UG31-3001-P,1
UG31-3018-P,1
UG31-3020-P,1
UG31-3043-P,1
UG31-3169-P,1
UG31-3170-P,1
UG31-3171-P,1
UG31-3311-P,1
UG31-3313-P,1
UG31-4340-P,1
UG31-4346-P,1
UG32-0001-S,1
UG32-0003-S,1
UG32-0004-S,1
UG32-0005-S,1
UG32-0006-S,1
UG32-0007-S,1
UG32-0009-S,1
UG32-0010-S,1
UG32-0011-S,1
UG32-0015-S,1
UG32-0019-S,1
UG32-0020-S,1
UG32-0027-S,1
UG32-0028-S,1
UG32-0029-S,1
UG32-0030-S,1
UG32-0034-S,1
UG32-0035-S,1
UG32-0037-S,1
UG32-0048-S,1
UG32-0051-S,1
UG32-0053-S,1
UG32-0054-S,1
UG32-0057-S,1
UG32-0058-S,1
UG32-0059-S,1
UG32-0060-S,1
UG32-0061-S,1
UG32-0062-S,1
UG32-0064-S,1
UG32-0124-S,1
UG32-0148-S,1
UG32-0194-S,1
UG32-0203-S,1
UG32-0234-S,1
UG32-0236-S,1
UG32-0237-S,1
UG32-0247-S,1
UG32-0294-S,1
UG32-0349-S,1
UG32-0376-S,1
UG32-0385-S,1
UG32-0399-S,1
UG32-0401-S,1
UG32-0403-S,1
UG32-0445-S,1
UG32-0487-S,1
UG32-0550-S,1
UG32-0561-S,1
UG32-0652-S,1
UG32-0681-S,1
UG32-0682-S,1
UG32-0692-S,1
UG32-0701-S,1
UG32-0711-S,1
UG32-0712-S,1
UG32-0761-S,1
UG32-0762-S,1
UG32-0784-S,1
UG32-0798-S,1
UG32-0800-S,1
UG32-0844-S,1
UG32-0886-S,1
UG32-0898-S,1
UG32-0912-S,1
UG32-0920-S,1
UG32-0928-S,1
UG32-0929-S,1
UG32-0930-S,1
UG32-0946-S,1
UG32-0947-S,1
UG32-0949-S,1
UG32-0950-S,1
UG32-0951-S,1
UG32-0953-S,1
UG32-0954-S,1
UG32-0956-S,1
UG32-0957-S,1
UG32-0958-S,1
UG32-0960-S,1
UG32-0961-S,1
UG32-0963-S,1
UG32-0964-S,1
UG32-0965-S,1
UG32-0974-S,1
UG32-1072-S,1
UG32-1077-S,1
UG32-1098-S,1
UG32-1103-S,1
UG32-1257-S,1
UG32-1402-S,1
UG32-1553-S,1
UG32-1560-S,1
UG32-1575-S,1
UG32-1577-S,1
UG32-1621-S,1
UG32-1624-S,1
UG32-1625-S,1
UG32-1628-S,1
UG32-1688-S,1
UG32-1709-S,1
UG32-1829-S,1
UG32-1909-S,1
UG32-1910-S,1
UG32-1911-S,1
UG32-3713-S,1
X0051,1
X1241,1
