PartId,PartLength,Count
1,1785,43
2,6271,18
3,394,25
4,1987,32
5,3860,46
6,7169,37
7,4028,15
8,11538,45
9,2470,4
10,2756,24
11,10633,16
12,6462,14
13,1600,45
14,10179,10
15,6962,31
16,1974,28
17,7479,2
18,5666,43
19,6084,15
20,7509,37
21,1914,7
22,3250,40
23,2253,12
24,1444,3
25,10616,3
26,57,41
27,12645,18
28,9216,36
29,8062,18
30,11579,24
31,10654,39
32,6291,15
33,7450,6
34,7653,13
35,1900,48
36,11074,1
37,1913,5
38,5257,11
39,2791,14
40,7393,16
41,5977,17
42,12582,20
43,5913,46
44,3503,39
45,5304,9
46,11155,2
47,8220,29
48,299,3
49,2860,37
50,36,8
51,7623,30
52,2730,29
53,4356,1
54,7337,11
55,10753,47
56,6767,22
57,12792,38
58,5002,50
59,11219,8
60,6629,23
61,8123,23
62,3543,4
63,7162,5
64,1003,42
65,5435,28
66,2682,24
67,3779,11
68,2915,48
69,9446,28
70,1613,19
71,5007,33
72,4149,21
73,6710,35
74,12097,27
75,9524,34
76,9585,24
77,7172,32
78,10935,48
79,609,2
80,3294,14
81,7380,46
82,1913,9
83,1556,22
84,11988,25
85,9627,31
86,5278,5
87,5021,11
88,10217,33
89,2661,40
90,1642,26
91,1251,6
92,8508,3
93,3464,21
94,10209,34
95,8202,44
96,10087,29
97,1414,50
98,3742,41
99,7926,32
100,2873,47
101,7916,46
102,5214,21
103,3690,19
104,9534,41
105,401,38
106,2892,17
107,10192,41
108,6348,24
109,12391,11
110,5179,12
111,6160,27
112,1519,36
113,6799,39
114,6215,1
115,1092,16
116,6651,17
117,4461,5
118,7669,13
119,10007,37
120,12701,39
121,6409,11
122,2351,17
123,520,41
124,7591,47
125,4235,46
126,7436,47
127,2222,44
128,5770,42
129,10095,43
130,9582,8
131,1605,36
132,201,50
133,6099,22
134,4909,32
135,11825,6
136,5767,2
137,8702,15
138,9814,33
139,11807,48
140,7231,37
141,2283,27
142,5694,46
143,7517,5
144,9542,50
145,2508,19
146,7150,42
147,8192,1
148,2340,40
149,10484,44
150,12722,48
151,10982,1
152,12721,32
153,2009,25
154,5577,1
155,3836,14
156,8128,10
157,10975,7
158,175,11
159,4350,19
160,6393,11
161,3090,22
162,8287,35
163,12973,22
164,4267,39
165,9126,1
166,6051,20
167,10146,44
168,11804,44
169,6405,47
170,8450,33
171,8841,25
172,5990,21
173,4588,25
174,9409,32
175,3164,6
176,4540,32
177,10317,4
178,8622,39
179,7111,10
180,12848,35
181,12591,13
182,11847,5
183,417,38
184,11744,36
185,237,16
186,11762,28
187,9303,13
188,7889,44
189,1065,40
190,6233,10
191,9610,22
192,1578,13
193,6042,25
194,11969,10
195,12805,50
196,7527,26
197,6776,16
198,4363,10
199,12011,47
200,7162,43
201,3586,34
202,11388,18
203,12182,47
204,1063,26
205,9482,1
206,6513,16
207,2961,7
208,1288,1
209,2450,44
210,5345,2
211,3370,35
212,12525,34
213,868,34
214,3259,29
215,9519,46
216,12053,3
217,11171,39
218,10976,18
219,7966,22
220,7235,28
221,5766,10
222,6715,31
223,2172,47
224,8627,30
225,8013,48
226,690,42
227,12825,44
228,3028,22
229,10025,24
230,150,44
231,12653,42
232,9296,45
233,6921,50
234,2105,16
235,8871,30
236,2350,27
237,6167,8
238,9450,32
239,3248,5
240,10523,44
241,4406,44
242,350,34
243,9224,6
244,11271,32
245,12405,30
246,5239,19
247,509,34
248,5351,30
249,7091,5
250,414,43
251,2156,35
252,8898,4
253,10130,4
254,2450,18
255,12078,43
256,10716,19
257,5681,38
258,5639,4
259,6942,39
260,3460,34
261,10062,30
262,11593,13
263,6745,33
264,5230,41
265,8063,21
266,895,40
267,6348,43
268,6604,41
269,6798,40
270,3875,19
271,12454,31
272,269,2
273,4553,23
274,11942,12
275,1732,24
276,6365,33
277,5183,25
278,9998,15
279,5535,32
280,3121,43
281,11838,32
282,4140,49
283,9814,34
284,6216,24
285,12120,46
286,11900,33
287,4870,9
288,413,43
289,7664,27
290,6562,44
291,5473,30
292,6465,41
293,4509,20
294,11178,34
295,3662,40
296,12936,1
297,526,31
298,7090,14
299,9426,5
300,8800,23
301,10515,15
302,8363,37
303,2385,29
304,2988,42
305,7387,6
306,5124,31
307,743,8
308,3983,30
309,4068,1
310,7704,9
311,5522,43
312,10347,43
313,12981,36
314,9476,1
315,10849,27
316,694,25
317,3401,31
318,6494,45
319,734,34
320,10392,10
321,4685,29
322,10683,3
323,2812,25
324,11702,3
325,3883,27
326,4823,32
327,7425,46
328,2453,37
329,9437,27
330,9092,50
331,7573,41
332,9693,17
333,2868,33
334,5149,20
335,3384,27
336,5795,48
337,9444,4
338,11005,7
339,4540,48
340,12858,48
341,1274,39
342,3771,26
343,8126,23
344,5614,49
345,1026,41
346,12653,27
347,9099,14
348,568,5
349,5481,14
350,8804,42
351,4390,15
352,9707,37
353,11333,17
354,7795,3
355,85,40
356,5622,34
357,3369,48
358,9340,50
359,7104,13
360,104,4
361,5777,18
362,12229,12
363,12753,33
364,10934,12
365,6954,45
366,3616,7
367,11051,42
368,1952,3
369,4448,26
370,7900,1
371,1056,3
372,2454,10
373,1628,12
374,8800,28
375,11751,38
376,6215,16
377,10609,39
378,7005,27
379,4130,21
380,9395,16
381,3694,29
382,6963,34
383,7206,4
384,7874,47
385,3271,27
386,3459,14
387,5333,14
388,10628,48
389,4775,28
390,11554,29
391,1988,41
392,5097,33
393,6443,39
394,5851,44
395,8118,35
396,6241,25
397,2120,20
398,9822,33
399,12360,44
400,7153,9
401,5107,36
402,12690,7
403,2382,50
404,3395,11
405,4237,47
406,3083,38
407,9888,40
408,11694,20
409,6099,3
410,508,16
411,3887,27
412,2524,47
413,6270,10
414,6900,11
415,1547,18
416,12938,46
417,9380,4
418,63,20
419,2824,12
420,10031,25
421,4334,16
422,10158,48
423,8092,6
424,1516,1
425,4696,36
426,6651,23
427,8999,24
428,994,22
429,7134,34
430,8323,23
431,1660,38
432,7924,7
433,2693,45
434,3178,40
435,439,10
436,3837,37
437,6026,22
438,395,38
439,12991,18
440,5214,1
441,534,31
442,2838,16
443,8194,43
444,6521,28
445,2839,11
446,10505,5
447,8758,3
448,8326,20
449,9287,10
450,7695,41
451,7655,17
452,2644,38
453,5050,9
454,11031,6
455,9403,50
456,2257,46
457,888,43
458,8507,4
459,8204,16
460,6454,16
461,10815,30
462,10187,2
463,5031,13
464,6824,28
465,7526,17
466,9119,19
467,4862,10
468,3900,10
469,3833,46
470,7126,25
471,6964,12
472,3962,4
473,2174,34
474,250,25
475,4439,22
476,7481,2
477,7575,48
478,8051,28
479,2439,40
480,8352,49
481,6666,48
482,190,35
483,3434,50
484,6879,45
485,1094,22
486,9210,10
487,10551,23
488,11312,21
489,4525,7
490,10528,7
491,8301,36
492,3025,19
493,6939,48
494,2249,49
495,3337,46
496,10328,22
497,11791,16
498,8488,24
499,8396,6
500,12791,7
501,2872,36
502,1385,15
503,170,2
504,1698,10
505,2855,47
506,6097,28
507,3003,26
508,3938,25
509,12463,10
510,5320,26
511,11741,50
512,11757,41
513,7013,39
514,9778,16
515,9096,28
516,1759,14
517,4530,33
518,6346,37
519,1337,11
520,7427,23
521,10644,5
522,7813,8
523,4474,27
524,6090,2
525,10095,19
526,9079,13
527,10563,40
528,1775,14
529,10512,38
530,12081,37
531,5339,49
532,8530,31
533,5803,50
534,177,46
535,8658,22
536,8120,49
537,4279,11
538,5000,28
539,6789,39
540,6468,47
541,2263,30
542,8583,7
543,1121,16
544,12433,24
545,8015,40
546,6676,15
547,1432,45
548,5148,5
549,10685,18
550,12122,7
551,8592,38
552,4744,5
553,4068,47
554,2568,14
555,7359,24
556,11463,43
557,11857,20
558,2266,22
559,3054,21
560,11710,18
561,2192,35
562,637,4
563,9952,20
564,9858,5
565,9077,7
566,8282,41
567,11270,4
568,6349,14
569,7099,31
570,12869,22
571,1810,28
572,7806,28
573,10242,17
574,11812,4
575,4451,15
576,12939,46
577,1548,50
578,9550,39
579,4008,13
580,8208,1
581,7844,50
582,6556,33
583,5660,34
584,12801,4
585,11439,18
586,5448,41
587,11279,30
588,2484,15
589,10450,9
590,1619,33
591,6642,2
592,2863,46
593,9062,26
594,6009,10
595,2323,40
596,7589,5
597,8726,36
598,3452,19
599,6737,43
600,8212,24
601,2441,34
602,8513,48
603,2540,9
604,10937,45
605,4808,35
606,11498,13
607,7083,37
608,5875,32
609,270,2
610,6982,30
611,12098,30
612,2420,25
613,12861,48
614,806,2
615,11209,9
616,6858,32
617,435,6
618,5232,38
619,9951,6
620,4289,40
621,2561,16
622,4544,10
623,6357,4
624,11306,46
625,8121,21
626,3544,21
627,11660,41
628,7880,45
629,11619,3
630,7617,24
631,12557,20
632,2718,19
633,5676,27
634,6716,34
635,7236,4
636,2860,44
637,2376,48
638,4474,41
639,1526,6
640,11491,29
641,9187,24
642,9104,39
643,7825,15
644,5256,38
645,2672,2
646,1263,2
647,8070,33
648,7134,22
649,7049,44
650,12439,32
651,3707,39
652,12093,34
653,2413,15
654,1619,34
655,9592,39
656,9045,29
657,7489,46
658,5420,26
659,4562,16
660,4398,38
661,2581,32
662,8153,11
663,12065,39
664,2078,37
665,5714,26
666,8306,31
667,9933,18
668,6741,47
669,1574,24
670,4223,33
671,3937,44
672,2535,14
673,5508,19
674,3997,16
675,5576,37
676,12656,23
677,8236,25
678,12032,28
679,12431,25
680,12701,44
681,2279,25
682,3856,28
683,5904,10
684,6645,15
685,664,50
686,7432,24
687,9786,6
688,10459,47
689,10822,18
690,3277,13
691,9473,48
692,8677,21
693,10667,16
694,2775,26
695,1106,18
696,9874,1
697,730,39
698,1764,10
699,4093,2
700,8789,35
701,9258,4
702,8662,43
703,7273,22
704,11979,38
705,9959,3
706,4992,7
707,377,6
708,1312,18
709,11619,16
710,2817,23
711,2139,3
712,3731,25
713,7795,6
714,7854,5
715,11208,35
716,8240,23
717,11073,15
718,11563,2
719,5098,11
720,4214,18
721,270,25
722,3314,15
723,5564,20
724,5948,7
725,11084,42
726,10337,37
727,8358,45
728,8629,7
729,9063,50
730,7406,14
731,7314,21
732,9847,25
733,3019,49
734,8618,33
735,3619,43
736,2743,35
737,2867,47
738,1865,38
739,7993,48
740,10066,20
741,6139,40
742,11476,21
743,3505,28
744,2389,40
745,5749,31
746,5409,16
747,8796,23
748,4396,18
749,12225,37
750,6394,35
751,8540,7
752,2314,8
753,10055,27
754,5720,10
755,8861,8
756,12999,13
757,480,2
758,6611,46
759,7258,21
760,11245,18
761,8914,16
762,12419,1
763,1524,12
764,2684,42
765,5195,19
766,7755,14
767,5031,1
768,10484,17
769,3079,3
770,2079,7
771,9475,35
772,12251,16
773,11203,44
774,8826,27
775,12833,2
776,10790,2
777,1879,33
778,54,6
779,10475,6
780,4678,2
781,2028,25
782,3363,4
783,11842,5
784,9565,43
785,11384,8
786,11017,31
787,4601,2
788,3650,48
789,11237,24
790,4177,34
791,5866,6
792,10713,5
793,3123,10
794,6482,40
795,8837,35
796,32,46
797,6832,19
798,12900,44
799,4580,2
800,9134,41
801,6381,20
802,2190,36
803,9798,32
804,1911,28
805,8829,10
806,11083,41
807,11748,9
808,6905,40
809,9994,35
810,579,48
811,8886,44
812,9940,44
813,9719,30
814,564,4
815,11937,44
816,10433,17
817,7935,19
818,11153,20
819,10125,8
820,10382,29
821,12637,36
822,8352,5
823,7839,42
824,10148,37
825,12199,18
826,3664,11
827,12309,13
828,7116,50
829,12413,3
830,1351,47
831,6648,25
832,1732,45
833,6814,15
834,6176,21
835,5417,50
836,2353,34
837,12629,18
838,7954,43
839,7528,12
840,8513,40
841,11896,6
842,9734,15
843,8860,44
844,634,2
845,4077,2
846,2070,42
847,6890,19
848,2419,5
849,7153,36
850,5443,48
851,9848,43
852,173,43
853,4635,2
854,119,13
855,5694,48
856,11325,9
857,7067,49
858,2849,35
859,5572,14
860,8163,19
861,4883,2
862,6914,41
863,11622,14
864,11034,23
865,4937,42
866,12478,10
867,4147,26
868,12791,43
869,12579,27
870,3030,43
871,12309,28
872,7624,43
873,4198,29
874,8325,9
875,11365,35
876,1192,48
877,1978,11
878,4590,7
879,4689,31
880,1693,43
881,4558,26
882,1705,30
883,600,14
884,12850,42
885,3023,45
886,4608,47
887,8171,11
888,4068,20
889,10461,10
890,2316,49
891,4082,16
892,9705,18
893,4133,5
894,12629,40
895,937,15
896,7450,30
897,152,35
898,5473,22
899,111,28
900,2937,27
901,12299,39
902,7364,18
903,5969,23
904,8769,16
905,8017,40
906,4335,47
907,8241,22
908,1225,15
909,1064,10
910,12349,31
911,9591,45
912,12928,24
913,534,7
914,11378,14
915,9967,7
916,1006,40
917,3797,40
918,11706,6
919,2533,16
920,105,30
921,11705,46
922,12140,21
923,3425,29
924,2767,41
925,5264,48
926,5357,21
927,8957,46
928,8406,18
929,8588,11
930,8445,16
931,7049,35
932,11841,30
933,9407,15
934,8118,5
935,6491,7
936,3394,30
937,5416,8
938,9505,25
939,10732,50
940,1757,34
941,4046,38
942,7966,13
943,2683,15
944,4121,40
945,3892,7
946,12120,39
947,4568,35
948,5361,41
949,1562,39
950,2769,21
951,5517,29
952,5275,4
953,9371,18
954,2751,26
955,7037,9
956,11389,46
957,5398,4
958,4576,8
959,12321,43
960,9230,47
961,5957,29
962,9646,29
963,564,9
964,3199,7
965,4147,40
966,11080,49
967,7850,5
968,559,43
969,4678,35
970,7661,47
971,9525,12
972,11611,3
973,393,14
974,10887,13
975,10109,1
976,1494,29
977,8245,27
978,8803,42
979,11851,6
980,12557,27
981,11969,48
982,11874,15
983,7704,19
984,2610,5
985,5055,32
986,5115,42
987,2310,50
988,8412,7
989,12796,35
990,8237,36
991,9145,32
992,3104,29
993,12812,22
994,9015,35
995,10013,4
996,2521,48
997,10182,14
998,10920,31
999,4056,43
1000,10608,6
1001,2109,7
1002,1704,43
1003,6846,23
1004,12166,41
1005,5666,11
1006,1448,11
1007,5855,27
1008,7229,44
1009,2059,26
1010,3673,30
1011,9083,2
1012,3461,14
1013,4267,16
1014,12315,8
1015,187,3
1016,5899,18
1017,2309,35
1018,5450,2
1019,4784,33
1020,11743,6
1021,6171,33
1022,3608,27
1023,7205,4
1024,1593,6
1025,8243,43
1026,6572,8
1027,5459,16
1028,1547,48
1029,2039,3
1030,1125,34
1031,7053,16
1032,4423,50
1033,4469,13
1034,3464,40
1035,4739,30
1036,5173,42
1037,4870,38
1038,11197,25
1039,10228,24
1040,12532,9
1041,9459,3
1042,1383,37
1043,9747,50
1044,884,2
1045,7898,50
1046,2854,37
1047,11841,40
1048,11445,36
1049,8746,30
1050,6885,33
1051,6864,11
1052,9191,30
1053,960,2
1054,10822,19
1055,3678,12
1056,5429,49
1057,3056,27
1058,12992,25
1059,222,12
1060,3473,39
1061,11359,46
1062,12402,42
1063,10028,18
1064,5188,37
1065,7563,17
1066,9052,1
1067,2328,24
1068,12664,43
1069,8193,46
1070,9167,18
1071,10432,30
1072,6974,6
1073,7546,44
1074,7264,4
1075,7179,30
1076,2487,8
1077,1359,28
1078,8331,50
1079,1678,36
1080,3017,12
1081,8061,33
1082,7554,13
1083,6822,42
1084,12656,35
1085,10648,50
1086,8480,31
1087,7560,50
1088,2058,49
1089,5353,38
1090,6035,7
1091,2564,8
1092,6334,32
1093,2575,11
1094,6048,12
1095,9452,36
1096,10361,36
1097,1063,22
1098,7619,26
1099,12702,26
1100,2257,6
1101,3181,37
1102,6226,45
1103,10929,28
1104,8528,41
1105,2562,39
1106,8282,39
1107,4674,26
1108,11809,34
1109,9769,29
1110,11103,30
1111,7632,23
1112,4213,18
1113,5593,18
1114,9851,39
1115,4964,33
1116,10595,9
1117,8704,9
1118,10042,42
1119,9115,28
1120,6166,40
1121,2337,18
1122,7995,43
1123,3901,46
1124,8978,45
1125,5925,6
1126,5088,35
1127,2626,17
1128,8637,18
1129,533,6
1130,813,48
1131,2168,36
1132,12349,21
1133,7347,17
1134,1740,36
1135,3640,29
1136,9990,19
1137,4948,31
1138,8106,4
1139,2549,45
1140,10566,7
1141,6649,7
1142,9591,10
1143,7313,45
1144,12360,15
1145,2252,40
1146,11506,23
1147,6287,42
1148,12291,7
1149,7503,35
1150,1265,16
1151,12634,32
1152,7524,44
1153,1767,5
1154,1836,21
1155,6950,40
1156,5481,40
1157,12061,49
1158,9574,44
1159,11375,26
1160,2238,40
1161,9326,38
1162,2527,19
1163,11777,3
1164,3383,27
1165,563,24
1166,8158,35
1167,8829,7
1168,514,21
1169,5596,44
1170,6400,36
1171,5592,45
1172,2880,12
1173,5004,29
1174,6807,28
1175,3752,31
1176,413,20
1177,12234,31
1178,8869,41
1179,8846,5
1180,8100,34
1181,10494,23
1182,5671,34
1183,1487,34
1184,10001,43
1185,5873,22
1186,1881,45
1187,640,20
1188,8213,11
1189,12594,15
1190,3937,21
1191,10564,7
1192,7751,19
1193,3340,6
1194,6913,15
1195,191,33
1196,12849,11
1197,5808,35
1198,10790,38
1199,12126,3
1200,9626,35
1201,3597,12
1202,3652,46
1203,1048,10
1204,7043,34
1205,1094,18
1206,12730,19
1207,9090,29
1208,9969,40
1209,1172,13
1210,768,11
1211,2571,25
1212,11114,48
1213,7040,44
1214,10671,42
1215,11231,30
1216,8,22
1217,8483,45
1218,10838,12
1219,72,12
1220,3696,23
1221,3422,36
1222,5581,21
1223,2771,13
1224,3472,25
1225,8416,1
1226,2196,45
1227,8955,7
1228,4581,24
1229,6578,11
1230,4638,39
1231,5507,16
1232,4734,28
1233,8588,9
1234,2352,15
1235,9287,44
1236,6425,9
1237,8229,6
1238,1243,4
1239,4333,27
1240,12871,31
1241,2378,48
1242,5547,18
1243,6022,39
1244,5574,32
1245,12732,19
1246,8812,41
1247,10631,37
1248,10324,17
1249,12145,5
1250,6233,37
1251,1550,14
1252,5558,50
1253,10279,2
1254,8790,50
1255,5302,2
1256,3103,8
1257,4428,42
1258,4563,50
1259,4677,43
1260,3659,9
1261,2724,46
1262,8902,30
1263,9566,19
1264,7189,33
1265,7660,21
1266,1368,21
1267,12383,16
1268,6870,11
1269,5981,3
1270,1941,6
1271,12882,2
1272,3919,46
1273,4496,35
1274,5086,40
1275,10342,33
1276,12918,48
1277,8359,33
1278,2910,36
1279,4287,28
1280,11705,1
1281,1545,27
1282,304,19
1283,2994,7
1284,6630,17
1285,12996,28
1286,1090,44
1287,2516,36
1288,10022,18
1289,12658,17
1290,1575,12
1291,5223,13
1292,8901,41
1293,972,37
1294,7651,21
1295,6566,26
1296,9521,50
1297,1318,11
1298,3735,19
1299,9951,37
1300,12209,48
1301,8194,4
1302,1631,6
1303,7760,16
1304,9139,4
1305,10473,1
1306,890,21
1307,5904,48
1308,5278,6
1309,9566,31
1310,8741,42
1311,9310,23
1312,3470,40
1313,10701,36
1314,2105,2
1315,8412,25
1316,1904,40
1317,4188,9
1318,4433,1
1319,3895,26
1320,6244,32
1321,4736,14
1322,3832,16
1323,6126,37
1324,1986,30
1325,7694,33
1326,8880,40
1327,2706,6
1328,3568,31
1329,2145,39
1330,8705,50
1331,2045,41
1332,5599,48
1333,7768,27
1334,10336,23
1335,7705,34
1336,8428,46
1337,800,46
1338,2058,43
1339,10923,39
1340,1442,30
1341,1019,36
1342,11436,45
1343,2822,41
1344,12153,38
1345,4608,5
1346,6165,26
1347,5742,23
1348,2085,12
1349,1372,8
1350,9387,11
1351,5571,12
1352,11143,50
1353,5979,13
1354,6922,16
1355,12737,7
1356,1983,28
1357,9038,35
1358,949,41
1359,2866,31
1360,8478,32
1361,2553,50
1362,9904,29
1363,1519,50
1364,6604,32
1365,3455,22
1366,8963,39
1367,7377,24
1368,6144,36
1369,3004,25
1370,6851,40
1371,8940,50
1372,2071,8
1373,3239,17
1374,2699,24
1375,5660,35
1376,6272,41
1377,5507,39
1378,12385,18
1379,11298,50
1380,2991,31
1381,11876,35
1382,5667,38
1383,12855,12
1384,4619,40
1385,2704,41
1386,2895,18
1387,5213,43
1388,10654,5
1389,1515,15
1390,10026,11
1391,12229,11
1392,9429,41
1393,1277,9
1394,12818,40
1395,8227,38
1396,5278,31
1397,5037,8
1398,6495,12
1399,700,13
1400,8781,30
1401,12542,16
1402,328,46
1403,134,33
1404,3129,49
1405,9016,8
1406,11511,22
1407,1582,33
1408,5280,11
1409,6942,27
1410,10610,2
1411,9320,28
1412,1353,22
1413,11094,48
1414,6258,14
1415,10985,13
1416,5521,41
1417,3689,6
1418,12134,21
1419,11595,43
1420,6110,20
1421,10006,22
1422,8833,2
1423,11567,48
1424,9344,5
1425,2698,15
1426,3745,45
1427,6202,45
1428,4735,26
1429,11846,42
1430,6990,45
1431,9556,49
1432,12615,24
1433,11645,12
1434,5097,13
1435,7854,18
1436,2006,24
1437,7806,24
1438,3465,30
1439,2727,10
1440,11294,1
1441,1781,28
1442,9284,36
1443,3254,23
1444,8511,13
1445,10333,23
1446,10545,41
1447,9378,42
1448,2186,40
1449,9682,50
1450,7344,18
1451,4326,3
1452,2555,10
1453,2867,39
1454,6906,33
1455,534,11
1456,10144,6
1457,12158,42
1458,8782,3
1459,10995,7
1460,12002,20
1461,5276,11
1462,299,20
1463,11356,36
1464,5567,39
1465,8790,5
1466,6994,36
1467,3364,24
1468,5244,37
1469,10815,21
1470,9881,33
1471,1664,40
1472,3892,45
1473,11130,47
1474,578,31
1475,10531,43
1476,154,47
1477,12937,32
1478,3589,19
1479,251,36
1480,9980,33
1481,3143,21
1482,7541,22
1483,7153,49
1484,11426,40
1485,8436,8
1486,6236,23
1487,12126,45
1488,7400,43
1489,1067,11
1490,11176,7
1491,6941,50
1492,2737,38
1493,9509,36
1494,9506,50
1495,504,14
1496,5740,47
1497,11855,36
1498,6132,4
1499,7655,48
1500,4814,37
1501,11540,49
1502,9380,46
1503,3979,34
1504,299,16
1505,4557,47
1506,8076,47
1507,3048,9
1508,3224,36
1509,2378,10
1510,5637,4
1511,5487,23
1512,10356,18
1513,3987,36
1514,320,16
1515,5096,17
1516,530,44
1517,1882,33
1518,3000,36
1519,6672,3
1520,4024,5
1521,10429,45
1522,5622,1
1523,5501,5
1524,9384,16
1525,8826,21
1526,4272,4
1527,3849,21
1528,8980,24
1529,8997,14
1530,8143,11
1531,9354,31
1532,3061,4
1533,688,21
1534,6862,22
1535,12125,3
1536,8505,39
1537,278,22
1538,6873,28
1539,1427,41
1540,1229,8
1541,4530,35
1542,120,13
1543,9792,34
1544,12475,4
1545,2625,20
1546,10915,18
1547,10383,4
1548,9076,49
1549,6581,23
1550,5052,45
1551,9738,27
1552,8293,34
1553,12408,18
1554,7750,26
1555,3570,49
1556,1250,29
1557,11985,6
1558,5097,40
1559,12976,37
1560,11115,26
1561,10590,18
1562,7376,19
1563,8161,32
1564,4924,18
1565,2386,13
1566,8512,18
1567,3805,44
1568,12388,23
1569,7049,41
1570,8819,40
1571,3547,11
1572,8384,11
1573,7265,18
1574,5676,6
1575,10246,37
1576,5088,31
1577,6861,21
1578,2152,6
1579,8807,30
1580,12869,7
1581,8397,28
1582,7310,8
1583,3380,44
1584,4354,26
1585,890,18
1586,11935,42
1587,8276,47
1588,10981,44
1589,7554,2
1590,6857,40
1591,7015,7
1592,8728,7
1593,4224,24
1594,1511,44
1595,8896,40
1596,2619,47
1597,8479,35
1598,9623,47
1599,426,33
1600,11502,47
1601,7822,4
1602,7019,14
1603,8324,50
1604,6574,27
1605,2371,44
1606,7204,15
1607,6776,50
1608,7003,46
1609,5039,32
1610,5361,48
1611,8969,46
1612,10876,43
1613,5721,45
1614,6346,4
1615,2074,32
1616,93,44
1617,10695,25
1618,8012,17
1619,5805,32
1620,4580,24
1621,2006,49
1622,10338,7
1623,1898,6
1624,11896,29
1625,9342,27
1626,8778,6
1627,10588,4
1628,995,27
1629,12092,37
1630,3794,45
1631,8869,42
1632,1718,50
1633,12676,23
1634,10794,4
1635,6737,30
1636,3735,31
1637,5520,27
1638,11354,23
1639,9228,31
1640,11769,35
1641,3306,48
1642,3384,36
1643,3831,13
1644,11415,48
1645,3881,33
1646,679,9
1647,4705,39
1648,9556,21
1649,10153,41
1650,2581,6
1651,1698,47
1652,4794,6
1653,8594,28
1654,760,39
1655,1126,44
1656,5886,33
1657,6795,23
1658,8026,1
1659,9983,18
1660,12948,43
1661,3152,34
1662,2227,33
1663,9392,18
1664,1513,29
1665,8060,43
1666,109,5
1667,8963,13
1668,4229,17
1669,7126,2
1670,838,15
1671,7770,1
1672,11844,6
1673,3672,28
1674,4477,26
1675,8162,42
1676,3793,46
1677,10333,13
1678,9075,45
1679,11279,41
1680,10280,12
1681,52,8
1682,11932,39
1683,1858,43
1684,12132,35
1685,10177,35
1686,2497,8
1687,8285,38
1688,5764,1
1689,3512,30
1690,2359,13
1691,3929,37
1692,8608,42
1693,2987,49
1694,4111,43
1695,4503,36
1696,9980,12
1697,3439,16
1698,6183,17
1699,6136,10
1700,7568,10
1701,2970,36
1702,12616,25
1703,10131,22
1704,6896,46
1705,12345,44
1706,7002,6
1707,2686,44
1708,10810,4
1709,11784,38
1710,7326,42
1711,5722,29
1712,2737,47
1713,5172,9
1714,9830,40
1715,8690,35
1716,12721,14
1717,7478,10
1718,559,4
1719,4955,44
1720,5548,30
1721,4548,10
1722,6759,40
1723,10894,32
1724,9839,20
1725,7539,36
1726,2227,14
1727,2454,26
1728,4479,39
1729,8599,24
1730,2252,44
1731,8292,16
1732,12205,15
1733,1026,21
1734,8544,20
1735,10927,18
1736,4743,41
1737,89,4
1738,9928,46
1739,6456,19
1740,9831,11
1741,4975,19
1742,12014,33
1743,10748,22
1744,2465,47
1745,6773,25
1746,9120,44
1747,10362,7
1748,7237,30
1749,7175,30
1750,11695,2
1751,11892,46
1752,5873,33
1753,8339,41
1754,3767,21
1755,7388,31
1756,4987,3
1757,763,42
1758,708,24
1759,6372,28
1760,999,10
1761,6849,38
1762,6208,18
1763,4305,34
1764,10683,5
1765,2700,3
1766,4269,36
1767,11961,40
1768,5873,6
1769,12845,26
1770,417,27
1771,10180,22
1772,10588,21
1773,1335,45
1774,2308,6
1775,556,30
1776,6946,38
1777,847,36
1778,9035,27
1779,12868,21
1780,8399,49
1781,3552,15
1782,4873,37
1783,6845,27
1784,4997,39
1785,3557,46
1786,3820,29
1787,180,20
1788,10790,45
1789,2318,11
1790,9929,42
1791,9366,47
1792,11154,26
1793,12920,25
1794,10563,15
1795,1031,28
1796,1145,17
1797,1645,40
1798,12553,17
1799,5448,21
1800,2206,6
1801,7941,15
1802,5594,7
1803,4323,43
1804,7831,6
1805,11435,3
1806,4561,17
1807,6339,20
1808,2589,41
1809,597,46
1810,4345,22
1811,11089,4
1812,7595,50
1813,10348,9
1814,5708,19
1815,8927,42
1816,12867,12
1817,10941,36
1818,885,9
1819,12271,6
1820,8489,38
1821,1317,10
1822,9322,31
1823,3798,1
1824,8694,35
1825,7382,34
1826,4579,27
1827,7664,9
1828,11343,33
1829,12181,9
1830,5653,23
1831,8468,9
1832,9726,27
1833,12261,39
1834,8107,39
1835,808,36
1836,9229,47
1837,2073,20
1838,190,34
1839,617,16
1840,9518,25
1841,11111,2
1842,10008,50
1843,12779,35
1844,6653,49
1845,1582,36
1846,926,24
1847,11238,10
1848,6860,49
1849,3922,41
1850,8861,4
1851,315,17
1852,12761,46
1853,953,20
1854,8692,9
1855,7698,30
1856,2261,15
1857,9010,14
1858,5588,13
1859,1583,21
1860,7238,16
1861,7952,10
1862,573,24
1863,8075,27
1864,4848,18
1865,9997,18
1866,12275,13
1867,3160,8
1868,11274,18
1869,9400,29
1870,8647,31
1871,8743,17
1872,513,17
1873,11649,44
1874,12020,22
1875,2766,45
1876,11129,16
1877,11528,46
1878,8924,12
1879,1086,13
1880,4112,43
1881,10545,47
1882,3341,29
1883,3921,22
1884,11146,11
1885,4764,45
1886,4567,17
1887,3877,3
1888,6370,17
1889,5675,12
1890,2686,16
1891,1066,9
1892,5606,17
1893,1205,15
1894,6928,50
1895,11297,12
1896,5600,35
1897,3852,22
1898,4236,1
1899,7377,29
1900,7839,33
1901,3761,22
1902,9327,50
1903,10175,36
1904,5110,41
1905,9690,30
1906,1048,37
1907,8344,47
1908,4559,1
1909,6318,21
1910,4666,28
1911,3540,11
1912,8027,46
1913,9836,21
1914,9599,7
1915,11945,49
1916,3190,34
1917,5687,40
1918,5650,21
1919,12214,26
1920,10925,10
1921,8836,5
1922,12310,40
1923,9644,38
1924,8476,12
1925,5562,40
1926,11081,40
1927,10917,26
1928,2765,8
1929,3759,13
1930,9461,23
1931,5449,1
1932,5365,18
1933,6618,27
1934,8151,16
1935,9909,25
1936,320,28
